freq	V_in	V_out
0.00046415888336127773	1	0.9999925194558079
0.00046773514128719813	1	0.999992403740645
0.0004713389536157405	1	0.999992286235526
0.0004749705326484557	1	0.9999921669127638
0.00047863009232263854	1	0.9999920457442424
0.00048231784822393045	1	0.999991922701411
0.0004860340175990216	1	0.9999917977552776
0.0004897788193684461	1	0.9999916708764011
0.0004935524741394807	1	0.9999915420348858
0.0004973552042191398	1	0.9999914112003732
0.0005011872336272725	1	0.9999912783420348
0.0005050487881097585	1	0.9999911434285661
0.0005089400951518089	1	0.9999910064281777
0.0005128613839913648	1	0.9999908673085891
0.0005168128856326036	1	0.99999072603702
0.0005207948328595465	1	0.9999905825801834
0.0005248074602497728	1	0.9999904369042772
0.0005288510041882378	1	0.9999902889749767
0.0005329257028812002	1	0.9999901387574262
0.0005370317963702527	1	0.9999899862162306
0.0005411695265464637	1	0.999989831315448
0.0005453391371646278	1	0.9999896740185801
0.0005495408738576248	1	0.999989514288564
0.0005537749841508896	1	0.9999893520877638
0.0005580417174769963	1	0.9999891873779614
0.0005623413251903491	1	0.9999890201203477
0.0005666740605819913	1	0.999988850275513
0.0005710401788945271	1	0.9999886778034385
0.0005754399373371566	1	0.999988502663486
0.000579873595100831	1	0.9999883248143892
0.0005843414133735175	1	0.9999881442142431
0.0005888436553555889	1	0.9999879608204948
0.0005933805862753281	1	0.9999877745899334
0.0005979524734045521	1	0.9999875854786792
0.0006025595860743575	1	0.9999873934421742
0.0006072021956909884	1	0.9999871984351713
0.000611880575751822	1	0.9999870004117232
0.0006165950018614823	1	0.9999867993251723
0.0006213457517480758	1	0.9999865951281391
0.0006261331052795528	1	0.9999863877725117
0.000630957344480193	1	0.9999861772094336
0.0006358187535472229	1	0.9999859633892929
0.0006407176188675537	1	0.9999857462617106
0.0006456542290346556	1	0.999985525775528
0.0006506288748655574	1	0.9999853018787954
0.0006556418494179792	1	0.9999850745187602
0.0006606934480075957	1	0.9999848436418527
0.0006657839682254362	1	0.9999846091936758
0.0006709137099554112	1	0.9999843711189906
0.0006760829753919819	1	0.999984129361704
0.0006812920690579615	1	0.9999838838648549
0.0006865412978224543	1	0.9999836345706024
0.0006918309709189362	1	0.9999833814202094
0.0006971613999634673	1	0.9999831243540317
0.0007025328989730521	1	0.9999828633115021
0.000707945784384138	1	0.9999825982311169
0.0007134003750712565	1	0.999982329050421
0.0007188969923658068	1	0.9999820557059932
0.0007244359600749898	1	0.9999817781334319
0.000730017604500878	1	0.9999814962673393
0.0007356422544596414	1	0.9999812100413064
0.0007413102413009177	1	0.9999809193878965
0.0007470218989273319	1	0.9999806242386305
0.000752777563814166	1	0.9999803245239702
0.0007585775750291835	1	0.9999800201733019
0.0007644222742526002	1	0.9999797111149198
0.0007703120057972147	1	0.9999793972760092
0.0007762471166286919	1	0.9999790785826292
0.000782227956386003	1	0.9999787549596955
0.000788254877402021	1	0.9999784263309627
0.0007943282347242813	1	0.9999780926190059
0.0008004483861358918	1	0.9999777537452035
0.0008066156921766136	1	0.9999774096297173
0.0008128305161640995	1	0.9999770601914746
0.0008190932242152977	1	0.9999767053481494
0.0008254041852680181	1	0.9999763450161421
0.0008317637711026709	1	0.9999759791105601
0.0008381723563641622	1	0.9999756075451987
0.0008446303185839687	1	0.9999752302325192
0.0008511380382023768	1	0.9999748470836299
0.0008576958985908938	1	0.999974458008264
0.0008643042860748356	1	0.9999740629147589
0.0008709635899560805	1	0.9999736617100347
0.0008776742025360064	1	0.9999732542995717
0.0008844365191385999	1	0.9999728405873889
0.0008912509381337459	1	0.9999724204760211
0.0008981178609606942	1	0.9999719938664954
0.0009050376921517118	1	0.9999715606583089
0.0009120108393559096	1	0.9999711207494045
0.0009190377133632595	1	0.9999706740361468
0.0009261187281287938	1	0.9999702204132976
0.0009332543007969915	1	0.9999697597739918
0.0009404448517263514	1	0.9999692920097114
0.0009476908045141591	1	0.9999688170102606
0.0009549925860214359	1	0.9999683346637396
0.0009623506263980887	1	0.9999678448565184
0.0009697653591082496	1	0.9999673474732093
0.000977237220955811	1	0.999966842396641
0.0009847666521101577	1	0.9999663295078305
0.0009923540961321003	1	0.9999658086859543
0.001	1	0.9999652798083213
0.0010077048141361043	1	0.9999647427503427
0.0010154689924330807	1	0.9999641973855041
0.0010232929922807535	1	0.9999636435853341
0.001031177274593055	1	0.9999630812193748
0.001039122303835169	1	0.9999625101551517
0.0010471285480508996	1	0.9999619302581416
0.0010551964788902406	1	0.9999613413917416
0.0010633265716371617	1	0.9999607434172363
0.001071519305237606	1	0.9999601361937657
0.0010797751623277093	1	0.9999595195782918
0.0010880946292622263	1	0.999958893425565
0.0010964781961431851	1	0.9999582575880902
0.0011049263568487593	1	0.9999576119160913
0.0011134396090623619	1	0.9999569562574773
0.001122018454301963	1	0.9999562904578049
0.0011306633979496388	1	0.9999556143602433
0.0011393749492813368	1	0.999954927805537
0.0011481536214968829	1	0.9999542306319682
0.0011569999317502114	1	0.999953522675319
0.0011659144011798323	1	0.9999528037688324
0.001174897554939529	1	0.9999520737431739
0.0011839499222293017	1	0.9999513324263898
0.0011930720363265337	1	0.9999505796438692
0.001202264434617413	1	0.9999498152183014
0.001211527658628589	1	0.9999490389696342
0.0012208622540590705	1	0.9999482507150323
0.0012302687708123812	1	0.9999474502688335
0.001239747763028944	1	0.9999466374425054
0.0012492997891187332	1	0.9999458120446014
0.0012589254117941675	1	0.9999449738807153
0.0012686251981032601	1	0.999944122753435
0.001278399719463023	1	0.9999432584622976
0.0012882495516931337	1	0.9999423808037402
0.001298175275049849	1	0.9999414895710542
0.0013081774742601943	1	0.9999405845543352
0.0013182567385564075	1	0.999939665540434
0.0013284136617106516	1	0.9999387323129066
0.0013386488420699927	1	0.9999377846519637
0.0013489628825916532	1	0.9999368223344178
0.0013593563908785254	1	0.9999358451336324
0.00136982997921497	1	0.9999348528194671
0.0013803842646028853	1	0.9999338451582246
0.0013910198687980535	1	0.9999328219125954
0.0014017374183467695	1	0.9999317828416019
0.001412537544622754	1	0.9999307277005418
0.0014234208838643416	1	0.9999296562409306
0.0014343880772119658	1	0.9999285682104435
0.001445439770745928	1	0.9999274633528556
0.0014565766155244587	1	0.9999263414079819
0.0014677992676220691	1	0.999925202111616
0.0014791083881682072	1	0.9999240451954682
0.001490504643386196	1	0.9999228703871027
0.0015019887046324872	1	0.9999216774098728
0.0015135612484362087	1	0.9999204659828568
0.0015252229565390183	1	0.9999192358207909
0.0015369745159352708	1	0.9999179866340037
0.0015488166189124811	1	0.9999167181283464
0.0015607499630921114	1	0.999915430005125
0.0015727752514706679	1	0.9999141219610295
0.001584893192461114	1	0.999912793688063
0.0015971044999346024	1	0.9999114448734686
0.0016094098932625345	1	0.9999100751996574
0.0016218100973589297	1	0.9999086843441319
0.0016343058427231378	1	0.9999072719794123
0.0016468978654828688	1	0.9999058377729579
0.0016595869074375613	1	0.99990438138709
0.0016723737161020782	1	0.9999029024789124
0.001685259044750751	1	0.9999014007002306
0.0016982436524617442	1	0.9998998756974701
0.001711328304161781	1	0.9998983271115938
0.0017245137706712022	1	0.9998967545780171
0.0017378008287493763	1	0.9998951577265228
0.0017511902611404566	1	0.9998935361811738
0.0017646828566194998	1	0.9998918895602251
0.0017782794100389228	1	0.9998902174760341
0.001791980722375334	1	0.9998885195349695
0.001805787600776718	1	0.9998867953373191
0.0018197008586099826	1	0.9998850444771958
0.001833721315508882	1	0.9998832665424426
0.0018478497974222907	1	0.9998814611145356
0.0018620871366628676	1	0.9998796277684858
0.0018764341719560856	1	0.9998777660727398
0.0018908917484896422	1	0.9998758755890778
0.0019054607179632462	1	0.9998739558725114
0.001920141938638801	1	0.9998720064711791
0.0019349362753909522	1	0.9998700269262403
0.0019498445997580456	1	0.9998680167717674
0.001964867789993468	1	0.9998659755346364
0.0019800067311173857	1	0.9998639027344168
0.001995262314968879	1	0.9998617978832582
0.0020106354402584874	1	0.999859660485776
0.0020261270126211432	1	0.9998574900389351
0.0020417379446695297	1	0.9998552860319326
0.00205746915604784	1	0.9998530479460774
0.002073321573485956	1	0.9998507752546687
0.0020892961308540386	1	0.9998484674228727
0.002105393769217551	1	0.9998461239075976
0.0021216154368926847	1	0.9998437441573654
0.0021379620895022326	1	0.9998413276121833
0.0021544346900318843	1	0.9998388737034124
0.0021710342088869534	1	0.9998363818536344
0.002187761623949552	1	0.9998338514765166
0.0022046179206361848	1	0.9998312819766737
0.0022216040919558117	1	0.9998286727495295
0.00223872113856834	1	0.9998260231811743
0.002255970068843577	1	0.9998233326482215
0.002273351898920629	1	0.9998206005176623
0.0022908676527677724	1	0.9998178261467158
0.0023085183622427617	1	0.9998150088826802
0.0023263050671536263	1	0.9998121480627791
0.0023442288153199225	1	0.9998092430140066
0.002362290662634463	1	0.9998062930529699
0.002380491673125514	1	0.9998032974857287
0.00239883291901949	1	0.999800255607634
0.0024173154808041037	1	0.9997971667031618
0.002435940447292027	1	0.9997940300457471
0.002454708915685031	1	0.9997908448976127
0.0024736219916386224	1	0.9997876105095974
0.002492680789327176	1	0.9997843261209808
0.0025118864315095794	1	0.9997809909593046
0.0025312400495953635	1	0.9997776042401931
0.002550742783711359	1	0.999774165167169
0.0025703957827688645	1	0.9997706729314673
0.002590200204531325	1	0.9997671267118465
0.0026101572156825357	1	0.9997635256743967
0.0026302679918953813	1	0.9997598689723448
0.00265053371790108	1	0.9997561557458559
0.0026709555875589854	1	0.9997523851218331
0.0026915348039269166	1	0.9997485562137138
0.0027122725793320267	1	0.999744668121262
0.0027331701354422326	1	0.9997407199303583
0.002754228703338166	1	0.9997367107127866
0.0027754495235857105	1	0.9997326395260172
0.002796833846309078	1	0.9997285054129867
0.002818382931264455	1	0.9997243074018752
0.0028400980479142135	1	0.9997200445058788
0.0028619804755017054	1	0.9997157157229798
0.0028840315031266055	1	0.9997113200357128
0.0029062524298208658	1	0.9997068564109269
0.0029286445646252374	1	0.9997023237995463
0.002951209226666387	1	0.9996977211363235
0.0029739477452346047	1	0.9996930473395926
0.002996861459862124	1	0.9996883013110167
0.003019951720402016	1	0.9996834819353316
0.003043219887107722	1	0.9996785880800865
0.0030666673307131838	1	0.9996736185953794
0.003090295432513592	1	0.9996685723135896
0.003114105584446758	1	0.9996634480491066
0.0031380991891751253	1	0.9996582445980524
0.0031622776601683794	1	0.9996529607380026
0.003186642421786732	1	0.999647595227701
0.003211194909364824	1	0.9996421468067712
0.003235936569296281	1	0.9996366141954235
0.003260868859118932	1	0.9996309960941563
0.003285993247600654	1	0.9996252911834549
0.003311311214825911	1	0.999619498123484
0.0033368242522829428	1	0.9996136155537765
0.003362533862951628	1	0.999607642092917
0.003388441561392024	1	0.999601576338221
0.003414548873833601	1	0.999595416865409
0.003440857338265133	1	0.9995891622282755
0.0034673685045253167	1	0.9995828109583534
0.0034940839343940663	1	0.9995763615645725
0.003521005201684521	1	0.9995698125329141
0.0035481338923357532	1	0.9995631623260589
0.0035754716045062127	1	0.999556409383031
0.003603019948667852	1	0.9995495521188353
0.003630780547701014	1	0.99954258892409
0.0036587550369900335	1	0.9995355181646537
0.0036869450645195772	1	0.9995283381812462
0.003715352290971724	1	0.9995210472890645
0.0037439783898238106	1	0.9995136437773923
0.0037728250474469943	1	0.9995061259092031
0.0038018939632056127	1	0.999498491920759
0.003831186849557289	1	0.9994907400212024
0.0038607054321538113	1	0.9994828683921401
0.003890451449942805	1	0.9994748751872243
0.003920426655270152	1	0.9994667585317251
0.0039506328139832375	1	0.999458516522096
0.003981071705534973	1	0.9994501472255355
0.004011745123088624	1	0.9994416486795391
0.0040426548736234415	1	0.9994330188914465
0.004073802778041126	1	0.9994242558379814
0.004105190671273079	1	0.9994153574647847
0.004136820402388507	1	0.9994063216859391
0.004168693834703355	1	0.9993971463834896
0.004200812845890069	1	0.9993878294069537
0.004233179328088207	1	0.9993783685728259
0.004265795188015926	1	0.9993687616640746
0.004298662347082277	1	0.9993590064296308
0.004331782741500416	1	0.9993491005838705
0.004365158322401661	1	0.9993390418060875
0.004398791055950435	1	0.9993288277399593
0.0044326829234600865	1	0.999318455993006
0.0044668359215096305	1	0.9993079241360385
0.004501252062061337	1	0.9992972297026014
0.004535933372579275	1	0.9992863701884049
0.004570881896148752	1	0.9992753430507508
0.0046060996915966625	1	0.9992641457079475
0.004641588833612777	1	0.9992527755387177
0.004677351412871981	1	0.9992412298815971
0.004713389536157405	1	0.9992295060343241
0.004749705326484557	1	0.9992176012532196
0.004786300923226385	1	0.9992055127525591
0.004823178482239304	1	0.9991932377039339
0.004860340175990216	1	0.9991807732356038
0.004897788193684461	1	0.9991681164318402
0.004935524741394807	1	0.9991552643322583
0.004973552042191398	1	0.9991422139311408
0.005011872336272725	1	0.999128962176751
0.005050487881097584	1	0.9991155059706354
0.005089400951518088	1	0.9991018421669164
0.005128613839913648	1	0.9990879675715744
0.005168128856326035	1	0.9990738789417193
0.005207948328595465	1	0.9990595729848512
0.005248074602497728	1	0.9990450463581096
0.0052885100418823775	1	0.9990302956675137
0.005329257028812003	1	0.9990153174671877
0.005370317963702527	1	0.9990001082585787
0.0054116952654646375	1	0.9989846644896602
0.005453391371646278	1	0.9989689825541255
0.005495408738576248	1	0.9989530587905683
0.005537749841508896	1	0.998936889481652
0.005580417174769964	1	0.9989204708532663
0.005623413251903491	1	0.9989037990736712
0.005666740605819913	1	0.9988868702526297
0.0057104017889452715	1	0.9988696804405258
0.005754399373371567	1	0.998852225627472
0.00579873595100831	1	0.9988345017424016
0.005843414133735175	1	0.9988165046521488
0.00588843655355589	1	0.9987982301605155
0.005933805862753281	1	0.9987796740073241
0.005979524734045521	1	0.9987608318674566
0.006025595860743574	1	0.9987416993498796
0.006072021956909884	1	0.9987222719966559
0.006118805757518219	1	0.9987025452819404
0.006165950018614822	1	0.9986825146109627
0.006213457517480758	1	0.9986621753189943
0.0062613310527955286	1	0.9986415226703012
0.00630957344480193	1	0.9986205518570808
0.006358187535472229	1	0.9985992579983842
0.0064071761886755375	1	0.9985776361390226
0.006456542290346556	1	0.9985556812484578
0.006506288748655574	1	0.9985333882196769
0.006556418494179792	1	0.9985107518680509
0.006606934480075957	1	0.9984877669301768
0.006657839682254362	1	0.9984644280627034
0.006709137099554112	1	0.9984407298411397
0.006760829753919818	1	0.9984166667586468
0.006812920690579615	1	0.9983922332248125
0.0068654129782245435	1	0.9983674235644079
0.006918309709189363	1	0.9983422320161273
0.0069716139996346725	1	0.9983166527313089
0.0070253289897305215	1	0.9982906797726386
0.00707945784384138	1	0.9982643071128346
0.007134003750712565	1	0.9982375286333138
0.007188969923658069	1	0.9982103381228387
0.007244359600749898	1	0.9981827292761464
0.00730017604500878	1	0.9981546956925569
0.007356422544596414	1	0.998126230874563
0.007413102413009177	1	0.9980973282263996
0.007470218989273319	1	0.9980679810525931
0.00752777563814166	1	0.998038182556491
0.007585775750291836	1	0.9980079258387703
0.007644222742526002	1	0.9979772038959256
0.007703120057972147	1	0.9979460096187349
0.00776247116628692	1	0.997914335790707
0.00782227956386003	1	0.997882175086503
0.00788254877402021	1	0.9978495200703408
0.007943282347242814	1	0.997816363194373
0.008004483861358918	1	0.9977826967970458
0.008066156921766135	1	0.9977485131014336
0.008128305161640995	1	0.9977138042135514
0.008190932242152976	1	0.9976785621206428
0.008254041852680182	1	0.997642778689447
0.008317637711026709	1	0.9976064456644397
0.008381723563641622	1	0.9975695546660512
0.008446303185839686	1	0.9975320971888604
0.008511380382023767	1	0.9974940645997635
0.008576958985908937	1	0.9974554481361187
0.008643042860748356	1	0.9974162389038657
0.008709635899560805	1	0.9973764278756188
0.008776742025360064	1	0.9973360058887368
0.008844365191385999	1	0.9972949636433642
0.008912509381337459	1	0.9972532917004481
0.00898117860960694	1	0.9972109804797278
0.009050376921517118	1	0.9971680202576985
0.009120108393559097	1	0.9971244011655463
0.009190377133632594	1	0.9970801131870586
0.009261187281287938	1	0.9970351461565035
0.009332543007969915	1	0.9969894897564849
0.009404448517263514	1	0.9969431335157666
0.009476908045141591	1	0.996896066807069
0.009549925860214359	1	0.996848278844838
0.009623506263980888	1	0.9967997586829834
0.009697653591082496	1	0.9967504952125886
0.009772372209558112	1	0.9967004771595914
0.009847666521101578	1	0.9966496930824332
0.009923540961321003	1	0.9965981313696808
0.01	1	0.9965457802376143
0.010077048141361044	1	0.9964926277277878
0.0101546899243308	1	0.9964386617045566
0.010232929922807542	1	0.9963838698525742
0.010311772745930554	1	0.9963282396742579
0.01039122303835169	1	0.9962717584872218
0.010471285480508996	1	0.9962144134216789
0.010551964788902406	1	0.9961561914178099
0.01063326571637161	1	0.9960970792230992
0.010715193052376065	1	0.9960370633896396
0.0107977516232771	1	0.9959761302714015
0.010880946292622262	1	0.9959142660214714
0.01096478196143185	1	0.9958514565892539
0.011049263568487587	1	0.9957876877176424
0.011134396090623614	1	0.9957229449401538
0.011220184543019636	1	0.9956572135780296
0.011306633979496387	1	0.9955904787373028
0.011393749492813368	1	0.9955227253058282
0.01148153621496883	1	0.9954539379502803
0.011569999317502109	1	0.9953841011131129
0.011659144011798317	1	0.9953131990094859
0.011748975549395297	1	0.9952412156241539
0.011839499222293017	1	0.9951681347083208
0.011930720363265337	1	0.9950939397764569
0.012022644346174132	1	0.9950186141030808
0.012115276586285882	1	0.9949421407195032
0.012208622540590712	1	0.9948645024105359
0.012302687708123818	1	0.994785681711162
0.012397477630289441	1	0.9947056609031706
0.012492997891187333	1	0.9946244220117527
0.012589254117941675	1	0.9945419468020624
0.012686251981032595	1	0.9944582167757369
0.012783997194630237	1	0.9943732131673817
0.012882495516931342	1	0.9942869169410175
0.012981752750498489	1	0.994199308786489
0.013081774742601943	1	0.9941103691158347
0.013182567385564075	1	0.9940200780596216
0.01328413661710651	1	0.993928415463238
0.013386488420699933	1	0.9938353608831517
0.013489628825916533	1	0.9937408935831283
0.013593563908785255	1	0.9936449925304106
0.013698299792149702	1	0.9935476363918619
0.013803842646028845	1	0.9934488035300695
0.013910198687980529	1	0.9933484719994106
0.014017374183467702	1	0.99324661954208
0.01412537544622754	1	0.9931432235840799
0.014234208838643415	1	0.9930382612311714
0.014343880772119656	1	0.9929317092647886
0.014454397707459272	1	0.9928235441379143
0.014565766155244578	1	0.9927137419709186
0.014677992676220698	1	0.9926022785473599
0.014791083881682071	1	0.9924891293097485
0.014905046433861962	1	0.9923742693552732
0.015019887046324872	1	0.9922576734314906
0.01513561248436208	1	0.9921393159319786
0.01525222956539019	1	0.9920191708919532
0.015369745159352717	1	0.991897211983849
0.01548816618912481	1	0.9917734125128638
0.015607499630921114	1	0.991647745412469
0.015727752514706678	1	0.9915201832398842
0.015848931924611134	1	0.9913906981715161
0.015971044999346033	1	0.9912592619983667
0.016094098932625353	1	0.9911258461214036
0.0162181009735893	1	0.9909904215469005
0.016343058427231376	1	0.9908529588817441
0.01646897865482868	1	0.9907134283287078
0.016595869074375606	1	0.9905717996816967
0.016723737161020793	1	0.9904280423209589
0.01685259044750751	1	0.9902821252082693
0.016982436524617443	1	0.9901340168820824
0.01711328304161781	1	0.9899836854526578
0.017245137706712012	1	0.9898310985971575
0.017378008287493755	1	0.9896762235547163
0.017511902611404576	1	0.9895190271214864
0.017646828566194997	1	0.9893594756456577
0.01778279410038923	1	0.9891975350224528
0.01791980722375334	1	0.9890331706891008
0.01805787600776717	1	0.9888663476197879
0.018197008586099836	1	0.9886970303205879
0.01833721315508883	1	0.9885251828243738
0.018478497974222907	1	0.9883507686857111
0.018620871366628676	1	0.9881737509757328
0.018764341719560856	1	0.9879940922770006
0.018908917484896412	1	0.9878117546783527
0.019054607179632473	1	0.9876266997697365
0.01920141938638802	1	0.9874388886370326
0.01934936275390952	1	0.9872482818568689
0.019498445997580455	1	0.9870548394914263
0.01964867789993467	1	0.9868585210832393
0.019800067311173848	1	0.9866592856499932
0.0199526231496888	1	0.9864570916793166
0.02010635440258487	1	0.9862518971235772
0.02026127012621143	1	0.9860436593946766
0.020417379446695295	1	0.9858323353588506
0.02057469156047839	1	0.985617881331475
0.02073321573485955	1	0.9854002530718804
0.020892961308540396	1	0.9851794057781772
0.02105393769217551	1	0.9849552940820951
0.021216154368926845	1	0.9847278720438364
0.021379620895022326	1	0.9844970931469494
0.021544346900318832	1	0.9842629102932228
0.021710342088869548	1	0.9840252757976025
0.02187761623949553	1	0.9837841413831375
0.02204617920636185	1	0.9835394581759538
0.022216040919558117	1	0.9832911767002618
0.0223872113856834	1	0.9830392468733999
0.02255970068843576	1	0.9827836180009176
0.0227335189892063	1	0.9825242387717004
0.022908676527677734	1	0.9822610572531415
0.02308518362242762	1	0.9819940208863648
0.02326305067153626	1	0.9817230764814976
0.023442288153199226	1	0.9814481702130051
0.023622906626344618	1	0.9811692476150828
0.02380491673125515	1	0.9808862535771159
0.023988329190194897	1	0.9805991323392073
0.024173154808041036	1	0.9803078274877798
0.02435940447292027	1	0.9800122819512563
0.024547089156850298	1	0.9797124379958224
0.024736219916386214	1	0.9794082372212763
0.02492680789327177	1	0.979099620556971
0.025118864315095794	1	0.9787865282578525
0.025312400495953635	1	0.9784688999006013
0.025507427837113593	1	0.978146674379879
0.025703957827688632	1	0.9778197899046899
0.02590200204531324	1	0.977488183994857
0.026101572156825372	1	0.9771517934776239
0.026302679918953815	1	0.9768105544843841
0.0265053371790108	1	0.9764644024475462
0.026709555875589854	1	0.9761132720975378
0.026915348039269153	1	0.9757570974599583
0.02712272579332028	1	0.9753958118528837
0.02733170135442234	1	0.9750293478843303
0.02754228703338166	1	0.9746576374498842
0.027754495235857105	1	0.9742806117305046
0.027968338463090776	1	0.9738982011905046
0.028183829312644536	1	0.9735103355757189
0.028400980479142152	1	0.9731169439118648
0.02861980475501707	1	0.9727179545031037
0.028840315031266057	1	0.9723132949308098
0.02906252429820866	1	0.9719028920525546
0.02928644564625236	1	0.9714866720013141
0.029512092266663854	1	0.9710645601849069
0.029739477452346064	1	0.9706364812856703
0.02996861459862124	1	0.9702023592603838
0.03019951720402016	1	0.9697621173404473
0.03043219887107722	1	0.9693156780323219
0.030666673307131822	1	0.9688629631182433
0.030902954325135904	1	0.9684038936572148
0.031141055844467597	1	0.9679383899862896
0.03138099189175125	1	0.9674663717221506
0.03162277660168379	1	0.9669877577629983
0.03186642421786732	1	0.9665024662907532
0.03211194909364822	1	0.9660104147735844
0.03235936569296283	1	0.9655115199687724
0.03260868859118934	1	0.9650056979259168
0.03285993247600654	1	0.9644928639904968
0.03311311214825911	1	0.9639729328077954
0.033368242522829425	1	0.9634458183271979
0.03362533862951626	1	0.9629114338068712
0.033884415613920256	1	0.962369691818839
0.034145488738336026	1	0.961820504254459
0.03440857338265133	1	0.9612637823303124
0.034673685045253165	1	0.9606994365945194
0.03494083934394065	1	0.960127376933487
0.03521005201684519	1	0.9595475125791022
0.03548133892335755	1	0.9589597521163784
0.035754716045062127	1	0.9583640034915701
0.036030199486678516	1	0.9577601740207603
0.03630780547701014	1	0.9571481703989357
0.036587550369900315	1	0.9565278987095599
0.036869450645195756	1	0.9558992644346519
0.03715352290971726	1	0.9552621724653848
0.037439783898238106	1	0.9546165271132125
0.03772825047446995	1	0.9539622321215352
0.038018939632056124	1	0.9532991906779158
0.03831186849557287	1	0.9526273054268561
0.03860705432153813	1	0.9519464784831436
0.03890451449942807	1	0.9512566114457803
0.03920426655270152	1	0.9505576054125023
0.039506328139832375	1	0.9498493609949009
0.039810717055349734	1	0.9491317783341565
0.040117451230886225	1	0.9484047571173931
0.040426548736234434	1	0.9476681965946654
0.04073802778041128	1	0.9469219955965859
0.04105190671273078	1	0.9461660525526041
0.04136820402388507	1	0.945400265509945
0.04168693834703355	1	0.9446245321532168
0.042008128458900666	1	0.9438387498246964
0.04233179328088209	1	0.9430428155453027
0.04265795188015926	1	0.9422366260362636
0.042986623470822764	1	0.941420077741487
0.04331782741500416	1	0.9405930668506419
0.043651583224016584	1	0.93975548932296
0.04398791055950432	1	0.9389072409117596
0.044326829234600885	1	0.9380482171897047
0.0446683592150963	1	0.9371783135748014
0.04501252062061337	1	0.9362974253571393
0.045359333725792754	1	0.9354054477263833
0.04570881896148749	1	0.9345022758000203
0.0460609969159666	1	0.9335878046523657
0.046415888336127795	1	0.9326619293443357
0.046773514128719815	1	0.9317245449539838
0.04713389536157405	1	0.9307755466078121
0.047497053264845567	1	0.9298148295128519
0.047863009232263824	1	0.9288422889895225
0.04823178482239307	1	0.9278578205052633
0.04860340175990219	1	0.9268613197089465
0.04897788193684462	1	0.9258526824660618
0.04935524741394806	1	0.9248318048946818
0.04973552042191398	1	0.923798583402199
0.05011872336272722	1	0.9227529147228358
0.050504878810975866	1	0.9216946959559245
0.05089400951518091	1	0.9206238246049516
0.05128613839913648	1	0.9195401986173644
0.051681288563260354	1	0.9184437164251307
0.052079483285954624	1	0.917334276986051
0.05248074602497726	1	0.916211779825808
0.052885100418823806	1	0.9150761250807541
0.053292570288120025	1	0.9139272135414199
0.05370317963702527	1	0.9127649466967394
0.054116952654646375	1	0.9115892267789772
0.054533913716462754	1	0.9103999568093479
0.054954087385762455	1	0.9091970406443123
0.05537749841508899	1	0.9079803830225397
0.05580417174769964	1	0.906749889612517
0.05623413251903491	1	0.905505467060791
0.056667406058199137	1	0.9042470230408269
0.057104017889452685	1	0.902974466302461
0.057543993733715694	1	0.9016877067219329
0.05798735951008313	1	0.9003866553524713
0.05843414133735175	1	0.8990712244754169
0.0588843655355589	1	0.8977413276518524
0.05933805862753281	1	0.8963968797747236
0.05979524734045518	1	0.8950377971214182
0.06025595860743578	1	0.8936639974067805
0.06072021956909887	1	0.8922753998365331
0.06118805757518219	1	0.8908719251610758
0.06165950018614822	1	0.8894534957296306
0.062134575174807555	1	0.8880200355447045
0.06261331052795525	1	0.8865714703168341
0.06309573444801933	1	0.8851077275195798
0.06358187535472229	1	0.8836287364447337
0.06407176188675537	1	0.8821344282577063
0.06456542290346556	1	0.8806247360530531
0.0650628874865557	1	0.8790995949101043
0.06556418494179789	1	0.8775589419486541
0.06606934480075961	1	0.8760027163846764
0.06657839682254363	1	0.8744308595860157
0.06709137099554112	1	0.8728433151280173
0.06760829753919818	1	0.8712400288490498
0.06812920690579612	1	0.8696209489058769
0.06865412978224547	1	0.8679860258288284
0.06918309709189366	1	0.8663352125767302
0.06971613999634672	1	0.8646684645915388
0.07025328989730521	1	0.8629857398526354
0.0707945784384138	1	0.8612869989307318
0.07134003750712561	1	0.859572205041332
0.07188969923658073	1	0.8578413240977047
0.07244359600749903	1	0.8560943247633119
0.0730017604500878	1	0.854331178503642
0.07356422544596414	1	0.8525518596373953
0.07413102413009177	1	0.8507563453869674
0.07470218989273315	1	0.8489446159281786
0.07527775638141664	1	0.8471166544391934
0.07585775750291836	1	0.8452724471485767
0.07644222742526002	1	0.843411983382433
0.07703120057972147	1	0.8415352556105719
0.07762471166286916	1	0.8396422594916462
0.07822279563860025	1	0.8377329939172078
0.07882548774020215	1	0.8358074610546273
0.07943282347242814	1	0.8338656663888205
0.08004483861358919	1	0.8319076187627292
0.08066156921766135	1	0.8299333304165026
0.0812830516164099	1	0.8279428170253242
0.08190932242152972	1	0.8259360977358308
0.08254041852680186	1	0.8239131952010735
0.08317637711026708	1	0.8218741356139664
0.08381723563641622	1	0.8198189487391705
0.08446303185839688	1	0.8177476679433678
0.08511380382023763	1	0.8156603302238699
0.08576958985908942	1	0.8135569762355155
0.0864304286074836	1	0.811437650315812
0.08709635899560805	1	0.8093024005082687
0.08776742025360064	1	0.8071512785838828
0.08844365191385999	1	0.804984340060732
0.08912509381337455	1	0.8028016442216322
0.08981178609606946	1	0.8006032541298183
0.09050376921517124	1	0.7983892366426122
0.09120108393559097	1	0.7961596624230397
0.09190377133632595	1	0.7939146059493584
0.09261187281287933	1	0.7916541455224678
0.0933254300796991	1	0.7893783632711664
0.09404448517263518	1	0.7870873451552286
0.09476908045141591	1	0.7847811809662724
0.09549925860214359	1	0.7824599643263945
0.09623506263980887	1	0.7801237926845488
0.0969765359108249	1	0.7777727673106481
0.09772372209558107	1	0.7754069932873703
0.09847666521101583	1	0.773026579499655
0.09923540961321003	1	0.7706316386218754
0.1	1	0.7682222871026753
0.1007704814136104	1	0.7657986451474642
0.10154689924330804	1	0.7633608366985635
0.10232929922807542	1	0.7609089894130023
0.10311772745930552	1	0.7584432346379609
0.10391223038351693	1	0.7559637073838675
0.10471285480508996	1	0.7534705462951501
0.10551964788902403	1	0.7509638936186535
0.10633265716371611	1	0.7484438951697332
0.10715193052376065	1	0.7459107002960375
0.10797751623277096	1	0.7433644618389963
0.10880946292622262	1	0.7408053360930341
0.1096478196143185	1	0.738233482762531
0.1104926356848759	1	0.735649064916555
0.11134396090623613	1	0.7330522489413935
0.11220184543019636	1	0.7304432044909146
0.1130663397949639	1	0.7278221044347907
0.11393749492813368	1	0.7251891248046195
0.1148153621496883	1	0.7225444447379815
0.11569999317502112	1	0.7198882464204737
0.11659144011798317	1	0.717220715025763
0.11748975549395294	1	0.7145420386537057
0.11839499222293019	1	0.7118524082665789
0.11930720363265336	1	0.7091520176234773
0.12022644346174129	1	0.7064410632129244
0.12115276586285885	1	0.7037197441837562
0.12208622540590712	1	0.7009882622743312
0.12302687708123815	1	0.6982468217401281
0.12397477630289444	1	0.6954956292797899
0.12492997891187332	1	0.6927348939596785
0.12589254117941673	1	0.6899648271370026
0.12686251981032598	1	0.6871856423815861
0.12783997194630237	1	0.684397555396344
0.1288249551693134	1	0.6816007839365343
0.1298175275049849	1	0.678795547727857
0.13081774742601943	1	0.6759820683834697
0.1318256738556407	1	0.673160569319996
0.1328413661710651	1	0.6703312756725947
0.13386488420699932	1	0.6674944142091692
0.13489628825916536	1	0.6646502132437915
0.13593563908785256	1	0.6617989025494113
0.136982997921497	1	0.6589407132699345
0.1380384264602885	1	0.6560758778317415
0.1391019868798053	1	0.6532046298547253
0.14017374183467698	1	0.650327204062925
0.14125375446227545	1	0.6474438361948337
0.14234208838643417	1	0.6445547629134563
0.14343880772119652	1	0.6416602217161933
0.14454397707459277	1	0.6387604508446306
0.14565766155244578	1	0.6358556891943091
0.14677992676220694	1	0.6329461762245485
0.14791083881682077	1	0.6300321518684033
0.1490504643386196	1	0.6271138564428255
0.1501988704632487	1	0.624191530559102
0.15135612484362082	1	0.6212654150336485
0.1525222956539019	1	0.6183357507992219
0.15369745159352713	1	0.6154027788166289
0.1548816618912481	1	0.6124667399869952
0.15607499630921115	1	0.6095278750646661
0.15727752514706675	1	0.6065864245708041
0.15848931924611134	1	0.6036426287077468
0.15971044999346032	1	0.6006967272741912
0.16094098932625348	1	0.5977489595812655
0.16218100973589297	1	0.5947995643695458
0.16343058427231377	1	0.5918487797270808
0.16468978654828684	1	0.5888968430084768
0.16595869074375605	1	0.5859439907550991
0.1672373716102079	1	0.582990458616444
0.16852590447507515	1	0.5800364812727299
0.16982436524617442	1	0.5770822923587561
0.17113283041617805	1	0.5741281243890786
0.1724513770671202	1	0.5711742086845444
0.17378008287493754	1	0.568220775300229
0.1751190261140457	1	0.5652680529548143
0.17646828566195003	1	0.5623162689614497
0.1778279410038923	1	0.5593656491601269
0.17919807223753337	1	0.5564164178516064
0.18057876007767176	1	0.5534687977329248
0.18197008586099836	1	0.5505230098345123
0.18337213155088825	1	0.5475792734589486
0.18478497974222913	1	0.5446378061213808
0.18620871366628675	1	0.5416988234916271
0.1876434171956085	1	0.538762539337984
0.18908917484896412	1	0.5358291654727598
0.19054607179632474	1	0.5328989116995461
0.19201419386388016	1	0.5299719857622432
0.19349362753909521	1	0.5270485932958513
0.19498445997580455	1	0.5241289377790366
0.19648677899934675	1	0.521213220488481
0.19800067311173847	1	0.5183016404550187
0.19952623149688797	1	0.515394394421567
0.20106354402584878	1	0.5124916768028495
0.20261270126211434	1	0.5095936796469136
0.20417379446695297	1	0.5067005925984396
0.20574691560478395	1	0.5038126028638382
0.2073321573485955	1	0.500929895178129
0.20892961308540392	1	0.4980526517735954
0.21053937692175517	1	0.4951810523502042
0.21216154368926846	1	0.4923152740477819
0.2137962089502232	1	0.48945549141993283
0.2154434690031884	1	0.4866018764096872
0.21710342088869547	1	0.4837545983268652
0.21877616239495523	1	0.4809138238271362
0.22046179206361854	1	0.47807971689276074
0.22216040919558117	1	0.47525243881499235
0.22387211385683395	1	0.47243214817812024
0.22559700688435766	1	0.4696190008451317
0.22733518989206303	1	0.46681314994497103
0.2290867652767773	1	0.4640147458613715
0.23085183622427619	1	0.4612239362232366
0.23263050671536262	1	0.45844086589654354
0.2344228815319922	1	0.4556656769777444
0.23622906626344617	1	0.45289850878863624
0.2380491673125515	1	0.4501394978726733
0.23988329190194904	1	0.4473887779926924
0.24173154808041036	1	0.4446464801300221
0.2435940447292027	1	0.44191273248494567
0.24547089156850305	1	0.43918766047848895
0.24736219916386212	1	0.4364713867554997
0.24926807893271766	1	0.43376403118898976
0.251188643150958	1	0.43106571088570717
0.25312400495953635	1	0.42837654019290644
0.25507427837113583	1	0.42569663070628494
0.2570395782768864	1	0.42302609127905255
0.2590200204531324	1	0.42036502803210396
0.26101572156825364	1	0.41771354436525726
0.2630267991895382	1	0.4150717409695297
0.26505337179010796	1	0.4124397158404158
0.26709555875589847	1	0.40981756429213506
0.2691534803926916	1	0.4072053789728177
0.27122725793320285	1	0.40460324988059393
0.27331701354422333	1	0.40201126438055523
0.2754228703338166	1	0.3994295072225553
0.277544952358571	1	0.39685806055981815
0.2796833846309077	1	0.39429700396832035
0.28183829312644537	1	0.3917464144669172
0.2840098047914215	1	0.3892063665381801
0.28619804755017064	1	0.38667693214991405
0.28840315031266056	1	0.38415818077732505
0.2906252429820866	1	0.3816501794258048
0.2928644564625237	1	0.37915299265430596
0.29512092266663853	1	0.37666668259927416
0.29739477452346064	1	0.3741913089991098
0.29968614598621246	1	0.3717269292191308
0.3019951720402016	1	0.36927359827700557
0.30432198871077215	1	0.3668313688686309
0.3066667330713183	1	0.36440029139442454
0.30902954325135906	1	0.3619804139860084
0.3114105584446759	1	0.3595717825332516
0.3138099189175126	1	0.35717444071165183
0.31622776601683794	1	0.3547884300100264
0.3186642421786731	1	0.35241378975848886
0.3211194909364823	1	0.3500505571566871
0.32359365692962827	1	0.3476987673022784
0.3260868859118933	1	0.3453584532196188
0.3285993247600654	1	0.3430296458886428
0.3311311214825911	1	0.34071237427391304
0.33368242522829417	1	0.3384066653538163
0.33625338629516266	1	0.33611254414988584
0.33884415613920255	1	0.33383003375622994
0.34145488738336016	1	0.33155915536904546
0.34408573382651336	1	0.3292999283161981
0.3467368504525316	1	0.3270523700868505
0.34940839343940655	1	0.32481649636111903
0.35210052016845195	1	0.3225923210397434
0.35481338923357547	1	0.32037985627374965
0.35754716045062135	1	0.3181791124940925
0.36030199486678516	1	0.31599009844125886
0.36307805477010135	1	0.31381282119481907
0.36587550369900323	1	0.31164728620290955
0.3686945064519575	1	0.3094934973116333
0.37153522909717257	1	0.30735145679436376
0.3743978389823811	1	0.30522116538094046
0.37728250474469943	1	0.30310262228674106
0.3801893963205612	1	0.30099582524162044
0.38311868495572876	1	0.2989007705187028
0.3860705432153813	1	0.29681745296301704
0.3890451449942806	1	0.2947458660199641
0.3920426655270152	1	0.2926860017636063
0.39506328139832375	1	0.29063785092476824
0.3981071705534972	1	0.28860140291894115
0.40117451230886225	1	0.28657664587398074
0.4042654873623443	1	0.284563566657591
0.40738027780411273	1	0.2825621509045854
0.4105190671273079	1	0.280572383043918
0.4136820402388507	1	0.27859424632547786
0.4168693834703354	1	0.27662772284663983
0.4200812845890067	1	0.27467279357856517
0.42331793280882085	1	0.272729438392246
0.42657951880159267	1	0.27079763608428886
0.4298662347082277	1	0.26887736440243143
0.4331782741500415	1	0.2669686000707876
0.436515832240166	1	0.26507131881481705
0.4398791055950433	1	0.2631854953860149
0.44326829234600884	1	0.26131110358631704
0.44668359215096315	1	0.2594481162922194
0.45012520620613367	1	0.25759650547860563
0.4535933372579275	1	0.2557562422422821
0.457088189614875	1	0.2539272968252176
0.46060996915966596	1	0.25210963863748437
0.4641588833612779	1	0.2503032362798993
0.4677351412871982	1	0.2485080575663639
0.47133895361574046	1	0.24672406954589995
0.4749705326484556	1	0.24495123852438191
0.4786300923226383	1	0.24318953008596322
0.48231784822393065	1	0.24143890911419624
0.4860340175990217	1	0.23969933981284616
0.4897788193684462	1	0.2379707857263971
0.49355247413948067	1	0.23625320976025144
0.49735520421913965	1	0.234546574200622
0.5011872336272722	1	0.23285084073411705
0.5050487881097586	1	0.2311659704670192
0.5089400951518089	1	0.2294919239442586
0.5128613839913648	1	0.22782866116808057
0.5168128856326034	1	0.22617614161640984
0.5207948328595463	1	0.2245343242609111
0.5248074602497725	1	0.22290316758474849
0.5288510041882379	1	0.22128262960004405
0.5329257028812004	1	0.21967266786503772
0.5370317963702527	1	0.21807323950095014
0.5411695265464637	1	0.21648430120854933
0.5453391371646277	1	0.21490580928442468
0.5495408738576245	1	0.21333771963696832
0.5537749841508899	1	0.21177998780206758
0.5580417174769965	1	0.21023256895850984
0.5623413251903491	1	0.20869541794310165
0.5666740605819912	1	0.20716848926550593
0.5710401788945269	1	0.2056517371227979
0.5754399373371569	1	0.20414511541374372
0.5798735951008311	1	0.2026485777528032
0.5843414133735176	1	0.20116207748386003
0.5888436553555889	1	0.19968556769368198
0.593380586275328	1	0.1982190012251135
0.5979524734045519	1	0.19676233069000415
0.6025595860743578	1	0.19531550848187515
0.6072021956909885	1	0.19387848678832673
0.611880575751822	1	0.19245121760319037
0.6165950018614822	1	0.19103365273842746
0.6213457517480757	1	0.18962574383577824
0.6261331052795526	1	0.18822744237816386
0.6309573444801932	1	0.18683869970084444
0.6358187535472231	1	0.18545946700233645
0.6407176188675537	1	0.18408969535509226
0.6456542290346555	1	0.18272933571594502
0.6506288748655572	1	0.18137833893632244
0.6556418494179789	1	0.18003665577223155
0.660693448007596	1	0.17870423689401874
0.6657839682254364	1	0.17738103289590754
0.6709137099554112	1	0.17606699430531747
0.6760829753919817	1	0.17476207159196708
0.6812920690579612	1	0.1734662151767643
0.6865412978224548	1	0.17217937544048764
0.6918309709189365	1	0.1709015027322604
0.6971613999634674	1	0.16963254737782227
0.7025328989730522	1	0.1683724596876004
0.7079457843841379	1	0.1671211899645839
0.7134003750712562	1	0.16587868851200396
0.7188969923658072	1	0.1646449056408238
0.72443596007499	1	0.16341979167704013
0.730017604500878	1	0.16220329696880076
0.7356422544596414	1	0.16099537189334012
0.7413102413009175	1	0.15979596686373626
0.7470218989273316	1	0.15860503233549222
0.7527775638141663	1	0.1574225188129451
0.7585775750291838	1	0.15624837685550502
0.7644222742526002	1	0.15508255708372778
0.7703120057972146	1	0.15392501018522337
0.7762471166286917	1	0.15277568692040397
0.7822279563860026	1	0.15163453812807348
0.7882548774020214	1	0.1505015147308621
0.7943282347242815	1	0.1493765677405084
0.8004483861358919	1	0.14825964826299187
0.8066156921766134	1	0.1471507075035185
0.8128305161640993	1	0.14604969677136212
0.8190932242152973	1	0.14495656748456456
0.8254041852680184	1	0.14387127117449677
0.831763771102671	1	0.14279375949028386
0.8381723563641622	1	0.1417239842030967
0.8446303185839685	1	0.14066189721031236
0.8511380382023764	1	0.13960745053954615
0.8576958985908941	1	0.13856059635255785
0.8643042860748358	1	0.13752128694903454
0.8709635899560807	1	0.13648947477025206
0.8776742025360063	1	0.13546511240261838
0.8844365191385997	1	0.13444815258110035
0.8912509381337456	1	0.13343854819253695
0.8981178609606946	1	0.1324362522788408
0.9050376921517121	1	0.13144121804009037
0.9120108393559098	1	0.13045339883751547
0.9190377133632593	1	0.12947274819637777
0.9261187281287935	1	0.1284992198087487
0.933254300796991	1	0.12753276753618717
0.9404448517263517	1	0.12657334541231877
0.9476908045141593	1	0.1256209076453189
0.954992586021436	1	0.12467540862030184
0.9623506263980885	1	0.12373680290161736
0.9697653591082493	1	0.12280504523505767
0.9772372209558107	1	0.12188009054997606
0.9847666521101581	1	0.1209618939613192
0.9923540961321005	1	0.12005041077157537
1.0	1	0.11914559647264011
1.0077048141361042	1	0.11824740674760137
1.0154689924330802	1	0.11735579747244591
1.023292992280754	1	0.11647072471768861
1.0311772745930552	1	0.11559214474992666
1.0391223038351691	1	0.11472001403332022
1.0471285480508996	1	0.11385428923100126
1.0551964788902404	1	0.1129949272064122
1.0633265716371612	1	0.1121418850245761
1.0715193052376064	1	0.11129511995329991
1.0797751623277096	1	0.11045458946431244
1.0880946292622264	1	0.10962025123433847
1.096478196143185	1	0.10879206314611063
1.104926356848759	1	0.1079699832893206
1.1134396090623615	1	0.10715396996151083
1.1220184543019633	1	0.10634398166890864
1.130663397949639	1	0.10553997712720364
1.139374949281337	1	0.10474191526227034
1.1481536214968828	1	0.10394975521083683
1.156999931750211	1	0.10316345632110126
1.1659144011798317	1	0.10238297815329724
1.1748975549395295	1	0.10160828048020949
1.183949922229302	1	0.10083932328764093
1.1930720363265337	1	0.10007606677483263
1.202264434617413	1	0.09931847135483755
1.2115276586285884	1	0.09856649765484964
1.2208622540590712	1	0.09782010651648898
1.2302687708123816	1	0.09707925899604468
1.2397477630289444	1	0.09634391636467612
1.2492997891187332	1	0.09561404010857397
1.2589254117941673	1	0.0948895919290818
1.2686251981032597	1	0.09417053374277992
1.2783997194630237	1	0.09345682768153149
1.288249551693134	1	0.09274843609249286
1.298175275049849	1	0.09204532153808875
1.3081774742601942	1	0.09134744679595293
1.318256738556407	1	0.09065477485883615
1.328413661710651	1	0.08996726893448127
1.3386488420699933	1	0.08928489244546745
1.3489628825916535	1	0.08860760902902348
1.3593563908785256	1	0.0879353825368117
1.36982997921497	1	0.08726817703468315
1.3803842646028848	1	0.08660595680240468
1.3910198687980528	1	0.08594868633335906
1.40173741834677	1	0.08529633033421881
1.4125375446227544	1	0.08464885372459434
1.4234208838643416	1	0.0840062216366576
1.4343880772119655	1	0.0833683994147415
1.4454397707459274	1	0.08273535261491625
1.456576615524458	1	0.08210704700454304
1.4677992676220695	1	0.08148344856180594
1.4791083881682074	1	0.08086452347522266
1.4905046433861961	1	0.08025023814313488
1.501988704632487	1	0.0796405591731786
1.5135612484362082	1	0.0790354533817355
1.525222956539019	1	0.07843488779336569
1.5369745159352715	1	0.07783882964022255
1.5488166189124815	1	0.07724724636145021
1.5607499630921113	1	0.07666010560256431
1.5727752514706674	1	0.07607737521481665
1.5848931924611136	1	0.07549902325454412
1.5971044999346031	1	0.07492501798250276
1.609409893262535	1	0.07435532786318705
1.62181009735893	1	0.07378992156413552
1.6343058427231376	1	0.0732287679552226
1.6468978654828685	1	0.07267183610793759
1.6595869074375607	1	0.07211909529465127
1.6723737161020789	1	0.07157051498787018
1.6852590447507514	1	0.07102606485947963
1.6982436524617444	1	0.07048571477997559
1.7113283041617808	1	0.06994943481768567
1.7245137706712017	1	0.06941719523798018
1.7378008287493754	1	0.0688889665024732
1.7511902611404573	1	0.0683647192682143
1.7646828566195003	1	0.06784442438687138
1.7782794100389228	1	0.0673280529039047
1.7919807223753337	1	0.06681557605773286
1.8057876007767173	1	0.06630696527889098
1.8197008586099834	1	0.06580219218918117
1.8337213155088825	1	0.06530122860081616
1.847849797422291	1	0.06480404651555599
1.8620871366628675	1	0.06431061812383827
1.876434171956085	1	0.06382091580390238
1.8908917484896415	1	0.06333491212090783
1.9054607179632472	1	0.0628525798260473
1.9201419386388017	1	0.06237389185565424
1.9349362753909525	1	0.06189882133030586
1.9498445997580451	1	0.06142734155392138
1.9648677899934675	1	0.060959426012856026
1.980006731117385	1	0.06049504837499103
1.9952623149688795	1	0.06003418248881987
2.0106354402584876	1	0.05957680238253091
2.0261270126211435	1	0.05912288226308693
2.041737944669529	1	0.058672396515301636
2.0574691560478393	1	0.058225319700913325
2.073321573485955	1	0.05778162655765612
2.0892961308540396	1	0.0573412919983289
2.1053937692175513	1	0.05690429110986213
2.1216154368926845	1	0.056470599152382804
2.137962089502232	1	0.05604019155827787
2.154434690031884	1	0.055613043931256066
2.1710342088869545	1	0.05518913204540864
2.1877616239495525	1	0.054768431844268856
2.2046179206361853	1	0.05435091943987087
2.2216040919558115	1	0.05393657111180774
2.2387211385683394	1	0.05352536330628896
2.255970068843576	1	0.053117272635197756
2.2733518989206303	1	0.05271227587514814
2.290867652767773	1	0.052310349966542026
2.308518362242762	1	0.051911472012626414
2.326305067153626	1	0.05151561927855097
2.344228815319922	1	0.05112276919042604
2.3622906626344617	1	0.050732899334381285
2.3804916731255146	1	0.05034598745562502
2.3988329190194904	1	0.04996201145750447
2.417315480804104	1	0.04958094940056707
2.435940447292027	1	0.04920277950162281
2.4547089156850306	1	0.04882748013280798
2.473621991638621	1	0.04845502982065018
2.492680789327177	1	0.04808540724513488
2.51188643150958	1	0.047718591238773665
2.5312400495953633	1	0.04735456078567409
2.550742783711359	1	0.04699329502061141
2.5703957827688635	1	0.04663477322810233
2.5902002045313237	1	0.04627897484148063
2.610157215682537	1	0.04592587944197505
2.6302679918953817	1	0.045575466757789375
2.6505337179010797	1	0.04522771666318475
2.6709555875589848	1	0.04488260917756453
2.6915348039269156	1	0.04454012446456148
2.712272579332028	1	0.044200242831127626
2.7331701354422333	1	0.04386294472662674
2.7542287033381663	1	0.04352821074192948
2.7754495235857104	1	0.043196021608511444
2.796833846309077	1	0.04286635819755393
2.8183829312644537	1	0.042539201519047755
2.8400980479142146	1	0.04221453272089999
2.8619804755017064	1	0.04189233308804382
2.884031503126606	1	0.041572584041551446
2.9062524298208654	1	0.041255267137750226
2.9286445646252366	1	0.040940364067341986
2.9512092266663856	1	0.04062785665452571
2.973947745234606	1	0.040317726856123455
2.996861459862125	1	0.04000995676070974
3.019951720402016	1	0.039704528587744335
3.0432198871077216	1	0.039401424686708514
3.066667330713183	1	0.03910062753624488
3.0902954325135905	1	0.038802119743300695
3.1141055844467593	1	0.038505884042274875
3.1380991891751258	1	0.038211903294168556
3.1622776601683795	1	0.03792016048573944
3.186642421786731	1	0.037630638728659786
3.211194909364823	1	0.03734332125867808
3.2359365692962827	1	0.037058191434784685
3.2608688591189328	1	0.03677523273838112
3.285993247600655	1	0.03649442877245321
3.311311214825911	1	0.03621576326074819
3.3368242522829417	1	0.03593922004695559
3.3625338629516266	1	0.03566478309389209
3.3884415613920256	1	0.03539243648269027
3.4145488738336014	1	0.03512216441199144
3.440857338265133	1	0.034853951197142234
3.4673685045253166	1	0.03458778126939538
3.4940839343940655	1	0.03432363917511447
3.521005201684519	1	0.0340615095749826
3.548133892335755	1	0.03380137724321527
3.5754716045062134	1	0.03354322706677722
3.603019948667852	1	0.0332870440446033
3.630780547701014	1	0.03303281328682357
3.6587550369900326	1	0.03278052001399236
3.686945064519575	1	0.0325301495563215
3.715352290971725	1	0.032281687352917615
3.7439783898238117	1	0.032035118951023615
3.7728250474469944	1	0.03179043000526428
3.8018939632056115	1	0.0315476062768959
3.831186849557288	1	0.03130663363306018
3.860705432153813	1	0.031067498046042252
3.890451449942806	1	0.030830185592532748
3.9204266552701528	1	0.03059468245289412
3.9506328139832374	1	0.030360974910431104
3.9810717055349722	1	0.030129049350665276
4.011745123088623	1	0.029898892260613798
4.042654873623444	1	0.029670490228072346
4.073802778041127	1	0.02944382994090212
4.105190671273078	1	0.029218898186321066
4.136820402388508	1	0.02899568185019917
4.168693834703354	1	0.02877416791635805
4.200812845890066	1	0.028554343465874456
4.233179328088209	1	0.028336195676388117
4.265795188015927	1	0.028119711821413613
4.298662347082277	1	0.02790487926965639
4.331782741500415	1	0.027691685484332883
4.36515832240166	1	0.027480118022494802
4.398791055950433	1	0.02727016453435747
4.432682923460088	1	0.02706181276263227
4.466835921509632	1	0.02685505054186321
4.5012520620613365	1	0.02664986579776755
4.535933372579274	1	0.026446246546580506
4.570881896148751	1	0.026244180894403973
4.606099691596659	1	0.026043657036559448
4.641588833612778	1	0.02584466325694476
4.677351412871983	1	0.025647187927395086
4.713389536157405	1	0.025451219507047818
4.7497053264845555	1	0.025256746541711495
4.786300923226384	1	0.02506375766323873
4.823178482239307	1	0.02487224158890318
4.860340175990217	1	0.024682187120780377
4.897788193684462	1	0.02449358314513262
4.935524741394806	1	0.024306418631797784
4.973552042191397	1	0.02412068263358207
5.011872336272722	1	0.02393636428565666
5.050487881097586	1	0.023753452804958292
5.08940095151809	1	0.023571937489593776
5.1286138399136485	1	0.023391807718248284
5.168128856326035	1	0.023213052949597635
5.207948328595464	1	0.023035662721724342
5.248074602497725	1	0.022859626651537523
5.288510041882381	1	0.02268493443419663
5.3292570288120045	1	0.022511575842539037
5.370317963702527	1	0.022339540726511304
5.411695265464636	1	0.022168819012604327
5.453391371646277	1	0.0219994007032922
5.495408738576246	1	0.02183127587647484
5.537749841508898	1	0.021664434684924287
5.580417174769965	1	0.021498867355734787
5.623413251903491	1	0.021334564189776528
5.666740605819912	1	0.02117151556115305
5.71040178894527	1	0.021009711916662333
5.7543993733715695	1	0.020849143775261553
5.798735951008311	1	0.020689801727535366
5.843414133735177	1	0.020531676435167928
5.88843655355589	1	0.020374758630418443
5.933805862753279	1	0.02021903911560026
5.979524734045518	1	0.02006450876256359
6.025595860743578	1	0.019911158512181715
6.072021956909885	1	0.019758979373840756
6.118805757518219	1	0.0196079624249329
6.165950018614822	1	0.019458098810353142
6.213457517480757	1	0.019309379741999536
6.261331052795525	1	0.019161796498276786
6.309573444801933	1	0.019015340423603377
6.35818753547223	1	0.0188700029279221
6.407176188675537	1	0.018725775486213903
6.456542290346556	1	0.018582649638015206
6.506288748655572	1	0.018440616986938555
6.5564184941797885	1	0.018299669200196562
6.606934480075959	1	0.018159798008129256
6.657839682254364	1	0.018020995203734663
6.709137099554112	1	0.01788325264220275
6.760829753919817	1	0.017746562240452544
6.812920690579613	1	0.017610915976672577
6.865412978224548	1	0.017476305889864555
6.918309709189364	1	0.0173427240793902
6.971613999634674	1	0.017210162704521314
7.025328989730521	1	0.017078613983993046
7.079457843841379	1	0.016948070195560255
7.134003750712563	1	0.016818523675557077
7.188969923658073	1	0.01668996681845959
7.244359600749901	1	0.01656239207645155
7.300176045008779	1	0.016435791958993272
7.3564225445964135	1	0.01631015903239354
7.413102413009175	1	0.01618548591938459
7.470218989273316	1	0.016061765298700084
7.527775638141664	1	0.015938989904656146
7.5857757502918375	1	0.015817152526735368
7.644222742526002	1	0.015696246009173773
7.703120057972146	1	0.015576263250550785
7.762471166286917	1	0.015457197203382105
7.822279563860025	1	0.015339040873715501
7.882548774020212	1	0.01522178732072954
7.943282347242816	1	0.01510542965633516
8.004483861358919	1	0.014989961044780164
8.066156921766133	1	0.014875374702256505
8.128305161640993	1	0.014761663896510444
8.190932242152973	1	0.01464882194645552
8.254041852680183	1	0.014536842221788306
8.31763771102671	1	0.014425718142606923
8.381723563641621	1	0.014315443179032383
8.446303185839685	1	0.014206010850832593
8.511380382023766	1	0.014097414727049142
8.576958985908941	1	0.013989648425626796
8.643042860748357	1	0.01388270561304563
8.709635899560805	1	0.013776580003955907
8.776742025360063	1	0.013671265360815558
8.844365191385997	1	0.01356675549353035
8.912509381337454	1	0.01346304425909662
8.981178609606946	1	0.013360125561246656
9.050376921517122	1	0.013257993350096666
9.120108393559097	1	0.013156641621797294
9.190377133632595	1	0.013056064418186696
9.261187281287935	1	0.012956255826446187
9.33254300796991	1	0.012857209978758352
9.404448517263518	1	0.012758921051967713
9.476908045141593	1	0.012661383267243854
9.549925860214358	1	0.012564590889747027
9.623506263980884	1	0.012468538228296201
9.697653591082494	1	0.012373219635039569
9.772372209558107	1	0.012278629505127469
9.84766652110158	1	0.012184762276387684
9.923540961321006	1	0.01209161242900317
10.0	1	0.011999174485192152
10.077048141361043	1	0.011907443008890527
10.154689924330802	1	0.011816412605436696
10.232929922807541	1	0.011726077921258612
10.311772745930554	1	0.01163643364356325
10.39122303835169	1	0.01154747450002829
10.471285480508996	1	0.01145919525849609
10.551964788902406	1	0.011371590726669963
10.63326571637161	1	0.011284655751812665
10.715193052376065	1	0.01119838522044709
10.7977516232771	1	0.011112774058059252
10.880946292622262	1	0.011027817228803414
10.964781961431852	1	0.010943509735209385
11.049263568487588	1	0.010859846617892077
11.134396090623614	1	0.010776822955263084
11.220184543019636	1	0.010694433863244536
11.306633979496388	1	0.01061267449498499
11.393749492813368	1	0.010531540040577434
11.481536214968829	1	0.010451025726779454
11.56999931750211	1	0.010371126816735412
11.659144011798316	1	0.010291838609700706
11.748975549395297	1	0.010213156440768114
11.839499222293016	1	0.01013507568059615
11.930720363265337	1	0.010057591735139414
12.02264434617413	1	0.009980700045381033
12.115276586285882	1	0.009904396087067013
12.208622540590712	1	0.009828675370442594
12.302687708123818	1	0.009753533439990627
12.39747763028944	1	0.009678965874171825
12.492997891187333	1	0.009604968285166982
12.589254117941675	1	0.009531536318621149
12.686251981032596	1	0.009458665653389682
12.783997194630237	1	0.009386352001286189
12.882495516931343	1	0.009314591106832385
12.98175275049849	1	0.009243378747009813
13.081774742601942	1	0.009172710731013393
13.182567385564074	1	0.009102582900006855
13.28413661710651	1	0.009032991126879986
13.386488420699933	1	0.008963931316007673
13.489628825916533	1	0.008895399403010804
13.593563908785255	1	0.008827391354518896
13.698299792149703	1	0.00875990316793456
13.803842646028846	1	0.008692930871199706
13.910198687980529	1	0.008626470522563478
14.017374183467702	1	0.008560518210351989
14.12537544622754	1	0.00849507005273973
14.234208838643415	1	0.008430122197522706
14.343880772119658	1	0.008365670821893314
14.454397707459272	1	0.008301712132216867
14.56576615524458	1	0.008238242363809796
14.677992676220699	1	0.008175257780719567
14.791083881682072	1	0.008112754675506208
14.905046433861962	1	0.008050729369025471
15.019887046324873	1	0.00798917821021369
15.13561248436208	1	0.007928097575874173
15.25222956539019	1	0.007867483870465259
15.369745159352718	1	0.007807333525889951
15.488166189124811	1	0.007747643001287149
15.607499630921113	1	0.007688408782824403
15.727752514706678	1	0.007629627383492311
15.848931924611133	1	0.0075712953429003926
15.971044999346033	1	0.0075134092270745245
16.094098932625354	1	0.00745596562825593
16.218100973589298	1	0.007398961164701648
16.343058427231377	1	0.007342392480486503
16.468978654828682	1	0.00728625624530662
16.595869074375607	1	0.007230549154284353
16.723737161020793	1	0.0071752679277747415
16.85259044750751	1	0.007120409311173402
16.982436524617444	1	0.007065970074725852
17.11328304161781	1	0.007011947013338328
17.245137706712015	1	0.006958336946389975
17.378008287493753	1	0.006905136717546483
17.511902611404576	1	0.006852343194575131
17.646828566194998	1	0.006799953269161227
17.78279410038923	1	0.006747963856725916
17.91980722375334	1	0.006696371896245401
18.05787600776717	1	0.006645174350071508
18.197008586099834	1	0.006594368203753585
18.33721315508883	1	0.006543950465861814
18.478497974222908	1	0.006493918167811796
18.620871366628677	1	0.006444268363690481
18.764341719560857	1	0.006394998130083435
18.908917484896413	1	0.006346104565903398
19.054607179632473	1	0.006297584792220124
19.20141938638802	1	0.006249435952091547
19.34936275390952	1	0.0062016552103962
19.498445997580454	1	0.006154239753666889
19.648677899934672	1	0.0061071867899256714
19.800067311173848	1	0.006060493548520039
19.952623149688797	1	0.006014157279960369
20.106354402584873	1	0.005968175255758603
20.261270126211432	1	0.005922544768268123
20.417379446695296	1	0.0058772631305248875
20.57469156047839	1	0.005832327676089739
20.733215734859552	1	0.005787735758891895
20.892961308540396	1	0.005743484753073674
21.05393769217551	1	0.005699572052836349
21.216154368926844	1	0.005655995072287192
21.379620895022324	1	0.00561275124528769
21.544346900318832	1	0.005569838025302891
21.710342088869545	1	0.00552725288525189
21.87761623949553	1	0.0054849933173594856
22.04617920636185	1	0.005443056833008922
22.216040919558118	1	0.005401440962595756
22.3872113856834	1	0.005360143255382863
22.559700688435758	1	0.0053191612793565095
22.733518989206303	1	0.005278492621083521
22.908676527677734	1	0.005238134885569566
23.085183622427618	1	0.00519808569611848
23.263050671536263	1	0.005158342694192669
23.442288153199225	1	0.005118903539274588
23.622906626344616	1	0.005079765908729251
23.804916731255148	1	0.005040927497667793
23.9883291901949	1	0.0050023860188120805
24.173154808041037	1	0.004964139202360326
24.35940447292027	1	0.0049261847958537485
24.547089156850298	1	0.004888520564044235
24.73621991638621	1	0.0048511442887629996
24.92680789327177	1	0.004814053768790262
25.118864315095795	1	0.004777246819725906
25.312400495953632	1	0.004740721273861102
25.507427837113593	1	0.00470447498005095
25.703957827688633	1	0.00466850580358805
25.90200204531324	1	0.004632811626077045
26.101572156825373	1	0.0045973903453101345
26.302679918953814	1	0.004562239875143518
26.505337179010798	1	0.004527358145374768
26.709555875589853	1	0.0044927431016211754
26.915348039269155	1	0.00445839270519898
27.12272579332028	1	0.00442430493300353
27.33170135442234	1	0.004390477777390372
27.542287033381662	1	0.004356909246057227
27.754495235857103	1	0.00432359736192686
27.968338463090777	1	0.004290540163030867
28.183829312644534	1	0.004257735702394323
28.400980479142152	1	0.0042251820479213015
28.61980475501707	1	0.004192877282281304
28.84031503126606	1	0.004160819502796514
29.062524298208658	1	0.00412900682132992
29.286445646252357	1	0.0040974373641743085
29.512092266663856	1	0.004066109271942073
29.739477452346062	1	0.004035020699455893
29.96861459862124	1	0.004004169815640218
30.19951720402016	1	0.00397355480341359
30.432198871077222	1	0.0039431738595817915
30.66667330713182	1	0.003913025194731802
30.902954325135905	1	0.003883107033126551
31.141055844467598	1	0.003853417612600496
31.38099189175125	1	0.0038239551844559756
31.622776601683793	1	0.003794718013360359
31.866424217867316	1	0.003765704377243988
32.11194909364822	1	0.003736912567198882
32.359365692962825	1	0.003708340887378215
32.608688591189335	1	0.0036799876548965806
32.85993247600654	1	0.00365185119973099
33.11311214825911	1	0.0036239298646226345
33.368242522829426	1	0.0035962220049794045
33.625338629516264	1	0.003568725988779142
33.884415613920254	1	0.003541440196473627
34.14548873833603	1	0.0035143630208933118
34.40857338265133	1	0.003487492867152768
34.673685045253166	1	0.00346082815255685
34.940839343940645	1	0.0034343673065075943
35.21005201684519	1	0.0034081087704118038
35.48133892335755	1	0.0033820509975893576
35.754716045062125	1	0.0033561924531822092
36.03019948667852	1	0.0033305316140640707
36.30780547701014	1	0.0033050669687508098
36.58755036990031	1	0.0032797970173115087
36.869450645195755	1	0.003254720271280198
37.15352290971726	1	0.0032298352535682926
37.439783898238105	1	0.003205140498377664
37.728250474469945	1	0.003180634551114386
38.018939632056124	1	0.003156315968303149
38.311868495572874	1	0.003132183317502313
38.60705432153813	1	0.00310823517721961
38.90451449942807	1	0.003084470136828501
39.20426655270152	1	0.0030608867964851587
39.50632813983238	1	0.003037483767046084
39.810717055349734	1	0.0030142596699863633
40.117451230886225	1	0.0029912131373185345
40.42654873623443	1	0.0029683428115120777
40.73802778041128	1	0.0029456473454135246
41.05190671273078	1	0.002923125402167173
41.36820402388507	1	0.0029007756551363995
41.68693834703355	1	0.002878596787825592
42.008128458900664	1	0.0028565874938026557
42.33179328088209	1	0.002834746476622122
42.65795188015925	1	0.0028130724497488478
42.986623470822764	1	0.0027915641364822824
43.31782741500415	1	0.0027702202698813316
43.65158322401658	1	0.0027490395926897805
43.98791055950433	1	0.002728020857262284
44.326829234600886	1	0.0027071628254909416
44.6683592150963	1	0.0026864642687324074
45.012520620613365	1	0.002665923967735572
45.35933372579275	1	0.0026455407125697957
45.708818961487495	1	0.002625313302553683
46.0609969159666	1	0.0026052405461844006
46.4158883361278	1	0.0025853212610675476
46.77351412871981	1	0.0025655542738475456
47.13389536157405	1	0.0025459384201385626
47.49705326484557	1	0.0025264725444559765
47.86300923226383	1	0.0025071555001483503
48.23178482239307	1	0.002487986149329924
48.603401759902184	1	0.002468963362813635
48.97788193684461	1	0.002450086020044638
49.355247413948064	1	0.0024313530090343356
49.73552042191398	1	0.0024127632262949186
50.11872336272722	1	0.002394315576774397
50.50487881097587	1	0.0023760089737921287
50.89400951518091	1	0.0023578423389748505
51.28613839913648	1	0.0023398146021931837
51.68128856326035	1	0.002321924701498631
52.07948328595462	1	0.002304171583061058
52.48074602497726	1	0.002286554201106642
52.885100418823804	1	0.0022690715178563087
53.292570288120025	1	0.0022517225034646257
53.70317963702527	1	0.0022345061359591656
54.116952654646376	1	0.0022174214011803435
54.533913716462756	1	0.002200467292721698
54.954087385762456	1	0.0021836428118706336
55.37749841508899	1	0.0021669469675496254
55.804171747699634	1	0.0021503787762578593
56.23413251903491	1	0.00213393726201332
56.667406058199134	1	0.002117621456295333
57.104017889452685	1	0.002101430397987533
57.543993733715695	1	0.0020853631333212666
57.98735951008313	1	0.0020694187158194427
58.434141337351754	1	0.0020535962062407957
58.8843655355589	1	0.002037894672524578
59.33805862753281	1	0.002022313189735683
59.795247340455184	1	0.0020068508400101805
60.25595860743578	1	0.001991506712501263
60.720219569098866	1	0.0019762799033256197
61.18805757518219	1	0.0019611695155102075
61.65950018614822	1	0.001946174658939428
62.13457517480755	1	0.0019312944503027227
62.61331052795525	1	0.0019165280130425478
63.09573444801933	1	0.0019018744773027648
63.581875354722285	1	0.0018873329798774145
64.07176188675537	1	0.001872902664159883
64.56542290346556	1	0.0018585826800924623
65.06288748655571	1	0.0018443721841162916
65.56418494179789	1	0.0018302703391216782
66.06934480075961	1	0.001816276314398806
66.57839682254362	1	0.0018023892855888138
67.09137099554113	1	0.0017886084346352483
67.60829753919819	1	0.0017749329497358918
68.12920690579611	1	0.0017613620252949558
68.65412978224548	1	0.0017478948618756328
69.18309709189366	1	0.0017345306661530272
69.71613999634673	1	0.0017212686508674296
70.25328989730521	1	0.001708108034777953
70.79457843841381	1	0.0016950480426165299
71.34003750712561	1	0.0016820879050422526
71.88969923658073	1	0.0016692268585960634
72.44359600749902	1	0.0016564641456557959
73.0017604500878	1	0.0016437990143915574
73.56422544596414	1	0.0016312307187214467
74.13102413009177	1	0.0016187585182676216
74.70218989273316	1	0.0016063816783126919
75.27775638141664	1	0.0015940994697564471
75.85775750291836	1	0.0015819111690729244
76.44222742526001	1	0.0015698160582677892
77.03120057972147	1	0.0015578134248360538
77.62471166286916	1	0.001545902561720117
78.22279563860026	1	0.001534082767268114
78.82548774020215	1	0.0015223533451926023
79.43282347242814	1	0.0015107136045295478
80.04483861358918	1	0.0014991628595976301
80.66156921766135	1	0.0014877004299578619
81.2830516164099	1	0.0014763256403735132
81.90932242152972	1	0.0014650378207703397
82.54041852680186	1	0.0014538363061971215
83.17637711026708	1	0.0014427204367864987
83.81723563641621	1	0.0014316895577161045
84.46303185839687	1	0.0014207430191700032
85.11380382023764	1	0.0014098801763004153
85.76958985908941	1	0.0013991003891897353
86.4304286074836	1	0.001388403022812846
87.09635899560806	1	0.001377787446999718
87.76742025360063	1	0.0013672530363982864
88.44365191386	1	0.001356799170437628
89.12509381337455	1	0.0013464252332914064
89.81178609606945	1	0.0013361306138415983
90.50376921517123	1	0.0013259147056425041
91.20108393559097	1	0.001315776906885028
91.90377133632595	1	0.001305716620361229
92.61187281287933	1	0.0012957332534291495
93.3254300796991	1	0.0012858262179779058
94.04448517263518	1	0.0012759949303930527
94.76908045141592	1	0.0012662388115222052
95.49925860214358	1	0.0012565572866409273
96.23506263980887	1	0.0012469497854188823
96.97653591082491	1	0.0012374157418862397
97.72372209558107	1	0.0012279545944003363
98.47666521101583	1	0.001218565785612601
99.23540961321004	1	0.0012092487624357222
100.0	1	0.0012000029760110707
100.77048141361044	1	0.001190827881676374
101.54689924330806	1	0.0011817229389336334
102.32929922807536	1	0.0011726876114172894
103.11772745930548	1	0.0011637213668626238
103.9122303835169	1	0.0011548236770744173
104.71285480508996	1	0.001145994017895831
105.51964788902406	1	0.0011372318691775369
106.33265716371616	1	0.0011285367147470758
107.1519305237606	1	0.0011199080423784592
107.97751623277094	1	0.0011113453437619912
108.80946292622262	1	0.001102848114474335
109.64781961431851	1	0.001094415853948797
110.49263568487594	1	0.0010860480654458432
111.34396090623619	1	0.0010777442560238402
112.2018454301963	1	0.00106950393651002
113.06633979496387	1	0.0010613266214716632
113.93749492813369	1	0.0010532118291875102
114.81536214968828	1	0.0010451590816193844
115.69999317502115	1	0.001037167904384033
116.59144011798323	1	0.0010292378267251863
117.48975549395291	1	0.0010213683814858279
118.39499222293017	1	0.0010135591050806749
119.30720363265335	1	0.0010058095374688761
120.22644346174131	1	0.0009981192221269098
121.15276586285889	1	0.0009904877060216953
122.08622540590706	1	0.0009829145395839067
123.02687708123811	1	0.0009753992766814882
123.97477630289441	1	0.0009679414745933818
124.92997891187332	1	0.0009605406939834438
125.89254117941675	1	0.0009531964988745682
126.86251981032602	1	0.0009459084566230052
127.8399719463023	1	0.0009386761378928777
128.82495516931337	1	0.0009314991166308874
129.8175275049849	1	0.0009243769700412242
130.81774742601942	1	0.0009173092785606582
131.82567385564073	1	0.0009102956258338253
132.84136617106518	1	0.0009033355986887026
133.86488420699928	1	0.0008964287871122714
134.89628825916532	1	0.0008895747842263617
135.93563908785256	1	0.0008827731862636897
136.98299792149703	1	0.0008760235925440717
138.03842646028852	1	0.0008693256054508216
139.10198687980537	1	0.0008626788304073292
140.17374183467695	1	0.0008560828758538189
141.2537544622754	1	0.0008495373532242813
142.34208838643414	1	0.0008430418769235888
143.43880772119658	1	0.0008365960643047788
144.5439770745928	1	0.0008301995356465162
145.65766155244586	1	0.000823851914130722
146.7799267622069	1	0.0008175528258203808
147.91083881682073	1	0.0008113018996375085
149.0504643386196	1	0.0008050987673412993
150.19887046324874	1	0.0007989430635064302
151.35612484362088	1	0.0007928344255015367
152.52229565390184	1	0.0007867724934678517
153.6974515935271	1	0.0007807569102980051
154.88166189124811	1	0.0007747873216149921
156.07499630921114	1	0.0007688633757512953
157.2775251470668	1	0.0007629847237281697
158.48931924611142	1	0.0007571510192350864
159.71044999346026	1	0.0007513619186093319
160.94098932625346	1	0.0007456170808157628
162.18100973589299	1	0.00073991616742672
163.43058427231378	1	0.0007342588426020901
164.6897865482869	1	0.0007286447730695233
165.95869074375614	1	0.0007230736281048011
167.23737161020784	1	0.0007175450795123553
168.5259044750751	1	0.0007120588016059322
169.82436524617444	1	0.000706614471189411
171.1328304161781	1	0.0007012117675377636
172.45137706712023	1	0.0006958503723781611
173.78008287493762	1	0.0006905299698712264
175.11902611404565	1	0.0006852502465924285
176.46828566194998	1	0.0006800108915136182
177.82794100389228	1	0.0006748115959847092
179.1980722375334	1	0.000669652053715494
180.5787600776718	1	0.0006645319607576024
181.97008586099827	1	0.0006594510154865959
183.37213155088818	1	0.0006544089185841994
184.78497974222907	1	0.0006494053730206702
186.20871366628674	1	0.0006444400840373011
187.64341719560858	1	0.0006395127591290551
189.0891748489642	1	0.0006346231080273363
190.54607179632464	1	0.0006297708426828901
192.0141938638801	1	0.0006249556772488336
193.49362753909523	1	0.0006201773280638199
194.98445997580455	1	0.0006154355136353266
196.4867789993468	1	0.000610729954623073
198.0006731117386	1	0.0006060603738225664
199.52623149688787	1	0.0006014264961487718
201.06354402584873	1	0.0005968280486199054
202.61270126211434	1	0.0005922647603413576
204.17379446695296	1	0.0005877363624897324
205.746915604784	1	0.0005832425882970122
207.33215734859562	1	0.0005787831730348431
208.92961308540387	1	0.0005743578539989407
210.5393769217551	1	0.0005699663704936127
212.16154368926846	1	0.0005656084638164048
213.79620895022325	1	0.0005612838772428592
215.44346900318845	1	0.0005569923560113915
217.10342088869535	1	0.0005527336473082839
218.77616239495518	1	0.0005485075002527905
220.4617920636185	1	0.000544313665882361
222.16040919558117	1	0.0005401518971379732
223.872113856834	1	0.000536021948849579
225.5970068843577	1	0.0005319235777216627
227.3351898920629	1	0.0005278565423189084
229.08676527677724	1	0.0005238206030519761
230.85183622427618	1	0.0005198155221633904
232.63050671536263	1	0.0005158410637135331
234.42288153199226	1	0.0005118969935667445
236.22906626344627	1	0.0005079830793775304
238.04916731255136	1	0.0005040990905768764
239.88329190194898	1	0.0005002447983586629
241.73154808041036	1	0.0004964199756661888
243.59404472920272	1	0.000492624397178795
245.4708915685031	1	0.0004888578392985914
247.36219916386224	1	0.00048512008013728403
249.26807893271757	1	0.00048141089950310545
251.18864315095797	1	0.0004777300788878411
253.12400495953634	1	0.0004740774014539603
255.07427837113593	1	0.0004704526520218406
257.03957827688646	1	0.00046685561705709234
259.02002045313253	1	0.0004632860846579795
261.0157215682536	1	0.00045974384454293735
263.02679918953817	1	0.0004562286880381831
265.053371790108	1	0.00045274040806542615
267.09555875589854	1	0.0004492787991296669
269.1534803926917	1	0.0004458436573070924
271.2272579332027	1	0.00044243478023306355
273.31701354422324	1	0.000439051967090192
275.4228703338166	1	0.0004356950185965132
277.54495235857104	1	0.0004323637369937451
279.68338463090777	1	0.00042905792603563874
281.8382931264455	1	0.0004257773909764174
284.00980479142135	1	0.000422521938559305
286.19804755017054	1	0.0004192913770051397
288.40315031266056	1	0.00041608551600107906
290.6252429820866	1	0.0004129041666893867
292.8644564625237	1	0.00040974714165630796
295.1209226666387	1	0.00040661425492102897
297.39477452346046	1	0.00040350532192472144
299.6861459862124	1	0.0004004201595196683
301.9951720402016	1	0.00039735858595847786
304.32198871077225	1	0.00039432042088337473
306.6667330713184	1	0.00039130548531557613
309.0295432513592	1	0.000388313601644748
311.4105584446758	1	0.00038534459361854264
313.8099189175125	1	0.0003823982863322141
316.22776601683796	1	0.0003794745062183174
318.6642421786732	1	0.00037657308103648183
321.1194909364824	1	0.00037369383986326474
323.5936569296281	1	0.00037083661308208335
326.0868859118932	1	0.0003680012323732207
328.59932476006543	1	0.0003651875307039127
331.1311214825911	1	0.0003623953423185069
333.6824252282943	1	0.0003596245027286976
336.2533862951628	1	0.00035687484870383694
338.84415613920237	1	0.00035414621826131853
341.4548873833601	1	0.0003514384506570343
344.0857338265133	1	0.000348751386375907
346.73685045253166	1	0.0003460848671224922
349.4083934394066	1	0.0003434387358116529
352.1005201684521	1	0.0003408128365593061
354.8133892335753	1	0.0003382070146732404
357.5471604506213	1	0.00033562111664400113
360.3019948667852	1	0.0003330549901358498
363.0780547701014	1	0.00033050848397778827
365.87550369900333	1	0.00032798144815465393
368.6945064519577	1	0.00032547373379828245
371.5352290971724	1	0.000322985193178738
374.3978389823811	1	0.0003205156796956096
377.28250474469945	1	0.0003180650478693766
380.1893963205613	1	0.0003156331533328376
383.1186849557289	1	0.0003132198528226057
386.0705432153811	1	0.00031082500417066965
389.04514499428046	1	0.00030844846629601716
392.0426655270152	1	0.0003060900991963261
395.06328139832374	1	0.00030374976393971544
398.1071705534973	1	0.00030142732265656146
401.1745123088624	1	0.0002991226385313756
404.2654873623441	1	0.000296835575794745
407.3802778041126	1	0.00029456599971533357
410.51906712730784	1	0.00029231377659194623
413.68204023885073	1	0.0002900787737456519
416.8693834703355	1	0.00028786085951196743
420.0812845890068	1	0.0002856599032331014
423.3179328088207	1	0.0002834757752502573
426.57951880159254	1	0.0002813083468959944
429.86623470822764	1	0.0002791574904866495
433.17827415004155	1	0.000277023079314814
436.5158322401661	1	0.00027490498764187006
439.8791055950435	1	0.0002728030906905832
443.26829234600865	1	0.00027071726463775194
446.683592150963	1	0.00026864738660691245
450.12520620613367	1	0.00026659333466110154
453.59333725792754	1	0.0002645549877956721
457.0881896148752	1	0.00026253222593116527
460.6099691596662	1	0.0002605249299062364
464.15888336127773	1	0.0002585329814706357
467.73514128719813	1	0.00025655626327824075
471.3389536157405	1	0.0002545946588801457
474.9705326484557	1	0.0002526480527178
478.6300923226385	1	0.000250716330116201
482.3178482239304	1	0.00024879937727713885
486.0340175990216	1	0.00024689708127249177
489.77881936844614	1	0.00024500933003757477
493.55247413948064	1	0.00024313601236453696
497.3552042191398	1	0.00024127701789581078
501.18723362727246	1	0.00023943223711761055
505.04878810975845	1	0.0002376015613534814
508.94009515180886	1	0.00023578488275789627
512.8613839913648	1	0.000233982094309904
516.8128856326035	1	0.00023219308980682393
520.7948328595465	1	0.00023041776385798973
524.8074602497728	1	0.0002286560118785407
528.8510041882378	1	0.00022690773008326103
532.9257028812003	1	0.000225172815480465
537.0317963702527	1	0.00022345116586593093
541.1695265464638	1	0.00022174267981687944
545.3391371646278	1	0.00022004725668599919
549.5408738576248	1	0.00021836479659551711
553.7749841508896	1	0.00021669520043131544
558.0417174769964	1	0.00021503836983709186
562.341325190349	1	0.0002133942072085664
566.6740605819913	1	0.00021176261568773105
571.0401788945271	1	0.00021014349915714377
575.4399373371566	1	0.0002085367622342667
579.8735951008309	1	0.0002069423102658461
584.3414133735175	1	0.00020536004932233772
588.843655355589	1	0.00020378988619237256
593.3805862753281	1	0.000202231728377266
597.9524734045522	1	0.0002006854840855686
602.5595860743575	1	0.000199151062227659
607.2021956909883	1	0.00019762837241037702
611.8805757518219	1	0.00019611732493169962
616.5950018614822	1	0.00019461783077545598
621.3457517480758	1	0.0001931298016060837
626.1331052795529	1	0.00019165314976342474
630.957344480193	1	0.000190187788257562
635.8187535472229	1	0.00018873363076369343
640.7176188675537	1	0.00018729059161704816
645.6542290346556	1	0.00018585858580783907
650.6288748655573	1	0.00018443752897625518
655.6418494179792	1	0.00018302733740749178
660.6934480075957	1	0.0001816279280268192
665.7839682254362	1	0.00018023921839468797
670.9137099554113	1	0.0001788611267018736
676.0829753919819	1	0.00017749357176465627
681.2920690579615	1	0.00017613647302003844
686.5412978224543	1	0.00017478975052099936
691.8309709189363	1	0.00017345332493178429
697.1613999634673	1	0.00017212711752323222
702.532898973052	1	0.000170811050168137
707.945784384138	1	0.00016950504533664503
713.4003750712565	1	0.00016820902609168827
718.8969923658069	1	0.00016692291608445164
724.4359600749899	1	0.00016564663954987484
730.017604500878	1	0.0001643801213021901
735.6422544596413	1	0.00016312328673049207
741.3102413009177	1	0.0001618760617943429
747.0218989273319	1	0.0001606383730194104
752.777563814166	1	0.00015941014749313974
758.5775750291835	1	0.00015819131286045772
764.4222742526002	1	0.00015698179731951105
770.3120057972146	1	0.00015578152961743613
776.247116628692	1	0.00015459043904616146
782.2279563860029	1	0.00015340845543824225
788.2548774020211	1	0.00015223550916272714
794.3282347242813	1	0.00015107153112105555
800.4483861358918	1	0.00014991645274298784
806.6156921766135	1	0.00014877020598256559
812.8305161640995	1	0.00014763272331410265
819.0932242152977	1	0.00014650393772820772
825.4041852680182	1	0.00014538378272783653
831.7637711026708	1	0.00014427219232437418
838.1723563641622	1	0.0001431691010337485
844.6303185839687	1	0.00014207444387257176
851.1380382023768	1	0.0001409881563543128
857.6958985908938	1	0.0001399101744854981
864.3042860748355	1	0.0001388404347619414
870.9635899560806	1	0.00013777887416500343
877.6742025360063	1	0.00013672543015787915
884.4365191385999	1	0.00013568004068191357
891.2509381337459	1	0.000134642644152946
898.1178609606941	1	0.00013361317945768218
905.0376921517119	1	0.00013259158595009367
912.0108393559096	1	0.00013157780344784584
919.0377133632595	1	0.00013057177222875206
926.1187281287937	1	0.00012957343302725572
933.2543007969915	1	0.00012858272703093854
940.4448517263513	1	0.0001275995958770564
947.6908045141591	1	0.0001266239816491005
954.992586021436	1	0.00012565582687338624
962.3506263980887	1	0.00012469507451566705
969.7653591082496	1	0.00012374166797777446
977.2372209558112	1	0.00012279555109428406
984.7666521101578	1	0.00012185666812920677
992.3540961321004	1	0.00012092496377270494
1000.0	1	0.00012000038313783492
1007.7048141361043	1	0.00011908287175731302
1015.4689924330806	1	0.00011817237558030697
1023.2929922807537	1	0.00011726884096925198
1031.177274593055	1	0.00011637221469669039
1039.122303835169	1	0.0001154824439421368
1047.1285480508996	1	0.00011459947628896585
1055.1964788902405	1	0.00011372325972132451
1063.3265716371616	1	0.00011285374262106787
1071.519305237606	1	0.00011199087376471835
1079.7751623277093	1	0.0001111346023204477
1088.0946292622264	1	0.00011028487784508309
1096.4781961431852	1	0.00010944165028113518
1104.9263568487593	1	0.0001086048699538492
1113.439609062362	1	0.00010777448756827864
1122.018454301963	1	0.00010695045420638149
1130.6633979496387	1	0.00010613272132413784
1139.374949281337	1	0.00010532124074869097
1148.1536214968828	1	0.00010451596467550897
1156.9999317502115	1	0.0001037168456655686
1165.9144011798323	1	0.00010292383664256084
1174.897554939529	1	0.00010213689089011752
1183.9499222293016	1	0.00010135596204905894
1193.0720363265336	1	0.00010058100411466344
1202.2644346174131	1	9.981197143395685e-05
1211.5276586285888	1	9.904881870302315e-05
1220.8622540590707	1	9.82915009643357e-05
1230.268770812381	1	9.753997360410844e-05
1239.747763028944	1	9.679419234966818e-05
1249.2997891187333	1	9.60541132668462e-05
1258.9254117941675	1	9.531969275739007e-05
1268.6251981032601	1	9.45908875563954e-05
1278.399719463023	1	9.386765472975705e-05
1288.2495516931335	1	9.314995167163958e-05
1298.175275049849	1	9.243773610196784e-05
1308.1774742601942	1	9.173096606393599e-05
1318.2567385564075	1	9.102959992153575e-05
1328.4136617106517	1	9.03335963571037e-05
1338.6488420699927	1	8.964291436888733e-05
1348.9628825916532	1	8.895751326862924e-05
1359.3563908785254	1	8.827735267917073e-05
1369.82997921497	1	8.760239253207284e-05
1380.3842646028852	1	8.693259306525595e-05
1391.0198687980535	1	8.626791482065745e-05
1401.7374183467693	1	8.56083186419073e-05
1412.537544622754	1	8.495376567202096e-05
1423.4208838643415	1	8.430421735111086e-05
1434.3880772119658	1	8.36596354141145e-05
1445.439770745928	1	8.301998188854034e-05
1456.5766155244587	1	8.238521909223072e-05
1467.799267622069	1	8.175530963114225e-05
1479.1083881682073	1	8.113021639714245e-05
1490.5046433861962	1	8.050990256582426e-05
1501.9887046324873	1	7.98943315943364e-05
1513.5612484362086	1	7.928346721923061e-05
1525.2229565390182	1	7.867727345432554e-05
1536.974515935271	1	7.807571458858642e-05
1548.816618912481	1	7.747875518402186e-05
1560.7499630921113	1	7.688636007359573e-05
1572.7752514706679	1	7.629849435915572e-05
1584.893192461114	1	7.571512340937735e-05
1597.1044999346025	1	7.513621285772397e-05
1609.4098932625345	1	7.456172860042188e-05
1621.8100973589299	1	7.399163679445178e-05
1634.3058427231376	1	7.342590385555467e-05
1646.8978654828688	1	7.286449645625359e-05
1659.5869074375614	1	7.230738152389017e-05
1672.3737161020783	1	7.17545262386765e-05
1685.259044750751	1	7.12058980317613e-05
1698.2436524617442	1	7.066146458331185e-05
1711.328304161781	1	7.012119382060957e-05
1724.513770671202	1	6.958505391616089e-05
1737.8008287493763	1	6.9053013285822e-05
1751.1902611404566	1	6.852504058693862e-05
1764.6828566195	1	6.800110471649905e-05
1778.2794100389228	1	6.748117480930246e-05
1791.980722375334	1	6.696522023614023e-05
1805.787600776718	1	6.645321060199173e-05
1819.7008586099826	1	6.594511574423377e-05
1833.721315508882	1	6.544090573086345e-05
1847.8497974222907	1	6.494055085873525e-05
1862.0871366628676	1	6.444402165181095e-05
1876.4341719560857	1	6.395128885942328e-05
1890.8917484896422	1	6.346232345455273e-05
1905.4607179632462	1	6.297709663211762e-05
1920.141938638801	1	6.249557980727691e-05
1934.9362753909522	1	6.201774461374675e-05
1949.8445997580454	1	6.154356290212903e-05
1964.867789993468	1	6.10730067382532e-05
1980.006731117386	1	6.0606048401530724e-05
1995.2623149688789	1	6.014266038332201e-05
2010.6354402584873	1	5.968281538531568e-05
2026.1270126211432	1	5.922648631792083e-05
2041.7379446695295	1	5.877364629867082e-05
2057.46915604784	1	5.8324268650639786e-05
2073.321573485956	1	5.7878326900871055e-05
2089.296130854039	1	5.7435794778817664e-05
2105.393769217551	1	5.699664621479453e-05
2121.6154368926846	1	5.6560855338443045e-05
2137.9620895022326	1	5.6128396477206794e-05
