Time (s)	P.D. (V)	linearized V	temp (Â°C)
-3.1	0.556434	-0.6124	29.31
-3.0	0.556598	-0.6121	29.32
-2.9	0.556434	-0.6124	29.31
-2.8	0.556598	-0.6121	29.32
-2.7	0.556434	-0.6124	29.31
-2.6	0.556434	-0.6124	29.31
-2.5	0.556434	-0.6124	29.31
-2.4	0.556269	-0.6127	29.3
-2.3	0.556598	-0.6121	29.32
-2.2	0.556434	-0.6124	29.31
-2.1	0.556434	-0.6124	29.31
-2.0	0.556269	-0.6127	29.3
-1.9	0.556105	-0.613	29.28
-1.8	0.556434	-0.6124	29.31
-1.7	0.556598	-0.6121	29.32
-1.6	0.556434	-0.6124	29.31
-1.5	0.55594	-0.6133	29.27
-1.4	0.556269	-0.6127	29.3
-1.3	0.556105	-0.613	29.28
-1.2	0.556269	-0.6127	29.3
-1.1	0.556105	-0.613	29.28
-1.0	0.556105	-0.613	29.28
-0.9	0.556105	-0.613	29.28
-0.8	0.555776	-0.6136	29.26
-0.7	0.55594	-0.6133	29.27
-0.6	0.55594	-0.6133	29.27
-0.5	0.55594	-0.6133	29.27
-0.4	0.555612	-0.6139	29.25
-0.3	0.555776	-0.6136	29.26
-0.2	0.556105	-0.613	29.28
-0.1	0.555776	-0.6136	29.26
0.0	0.555612	-0.6139	29.25
0.1	0.555283	-0.6145	29.23
0.2	0.554954	-0.6151	29.2
0.3	0.553967	-0.6169	29.13
0.4	0.552816	-0.6191	29.05
0.5	0.551665	-0.6212	28.97
0.6	0.549362	-0.6255	28.8
0.7	0.547389	-0.6292	28.66
0.8	0.544593	-0.6345	28.47
0.9	0.541633	-0.6401	28.26
1.0	0.538672	-0.6457	28.05
1.1	0.535054	-0.6526	27.79
1.2	0.531272	-0.6599	27.52
1.3	0.527325	-0.6676	27.24
1.4	0.523213	-0.6756	26.95
1.5	0.518937	-0.6841	26.64
1.6	0.514661	-0.6926	26.34
1.7	0.510056	-0.7018	26.01
1.8	0.505452	-0.7112	25.69
1.9	0.500847	-0.7206	25.36
2.0	0.495913	-0.7308	25.01
2.1	0.491144	-0.7407	24.67
2.2	0.48621	-0.7511	24.32
2.3	0.480783	-0.7627	23.94
2.4	0.476013	-0.773	23.6
2.5	0.47108	-0.7837	23.25
2.6	0.466146	-0.7946	22.9
2.7	0.460225	-0.8078	22.48
2.8	0.45562	-0.8182	22.15
2.9	0.451016	-0.8286	21.82
3.0	0.446246	-0.8396	21.48
3.1	0.441148	-0.8515	21.12
3.2	0.43605	-0.8635	20.76
3.3	0.431281	-0.8749	20.42
3.4	0.426182	-0.8872	20.06
3.5	0.421249	-0.8993	19.71
3.6	0.416479	-0.911	19.37
3.7	0.411381	-0.9238	19.01
3.8	0.406612	-0.9359	18.67
3.9	0.401842	-0.9481	18.33
4.0	0.397073	-0.9605	17.99
4.1	0.392304	-0.9731	17.65
4.2	0.387699	-0.9853	17.33
4.3	0.383094	-0.9977	17
4.4	0.378654	-1.01	16.68
4.5	0.37372	-1.023	16.33
4.6	0.369608	-1.035	16.04
4.7	0.365004	-1.048	15.72
4.8	0.360728	-1.06	15.41
4.9	0.356616	-1.072	15.12
5.0	0.352505	-1.084	14.83
5.1	0.348229	-1.097	14.52
5.2	0.343953	-1.11	14.22
5.3	0.34017	-1.121	13.95
5.4	0.336059	-1.134	13.66
5.5	0.332112	-1.147	13.38
5.6	0.328165	-1.159	13.1
5.7	0.324711	-1.17	12.85
5.8	0.320764	-1.183	12.57
5.9	0.316982	-1.195	12.31
6.0	0.313528	-1.207	12.06
6.1	0.310239	-1.218	11.83
6.2	0.306621	-1.23	11.57
6.3	0.303003	-1.243	11.31
6.4	0.299713	-1.254	11.08
6.5	0.296424	-1.266	10.85
6.6	0.293135	-1.277	10.61
6.7	0.289846	-1.289	10.38
6.8	0.286721	-1.301	10.16
6.9	0.283596	-1.312	9.935
7.0	0.280472	-1.324	9.714
7.1	0.277511	-1.335	9.503
7.2	0.27488	-1.345	9.316
7.3	0.271426	-1.358	9.071
7.4	0.268466	-1.37	8.861
7.5	0.265999	-1.38	8.686
7.6	0.263204	-1.391	8.487
7.7	0.260572	-1.402	8.301
7.8	0.257941	-1.412	8.114
7.9	0.255145	-1.424	7.915
8.0	0.252514	-1.435	7.728
8.1	0.249882	-1.446	7.542
8.2	0.247415	-1.457	7.366
8.3	0.244784	-1.468	7.18
8.4	0.242482	-1.478	7.016
8.5	0.23985	-1.49	6.829
8.6	0.237219	-1.501	6.643
8.7	0.234917	-1.512	6.479
8.8	0.23245	-1.523	6.304
8.9	0.229818	-1.535	6.117
9.0	0.227351	-1.547	5.942
9.1	0.22472	-1.559	5.755
9.2	0.222089	-1.572	5.568
9.3	0.219786	-1.583	5.405
9.4	0.217155	-1.596	5.218
9.5	0.214688	-1.608	5.043
9.6	0.211728	-1.623	4.833
9.7	0.209754	-1.633	4.693
9.8	0.207123	-1.646	4.506
9.9	0.204821	-1.658	4.342
10.0	0.202189	-1.672	4.155
10.1	0.199887	-1.685	3.992
10.2	0.19742	-1.698	3.817
10.3	0.195118	-1.711	3.653
10.4	0.192815	-1.724	3.49
10.5	0.190677	-1.736	3.338
10.6	0.187881	-1.752	3.14
10.7	0.185908	-1.763	2.999
10.8	0.18377	-1.776	2.848
10.9	0.181303	-1.79	2.673
11.0	0.179494	-1.801	2.544
11.1	0.177356	-1.814	2.392
11.2	0.175218	-1.827	2.24
11.3	0.172916	-1.842	2.077
11.4	0.170778	-1.855	1.925
11.5	0.168969	-1.867	1.797
11.6	0.166831	-1.881	1.645
11.7	0.165022	-1.893	1.517
11.8	0.163048	-1.906	1.376
11.9	0.161239	-1.918	1.248
12.0	0.159594	-1.93	1.131
12.1	0.157456	-1.944	0.9794
12.2	0.155976	-1.955	0.8743
12.3	0.153838	-1.97	0.7225
12.4	0.152523	-1.979	0.6291
12.5	0.150549	-1.994	0.489
12.6	0.149069	-2.005	0.3839
12.7	0.147424	-2.017	0.2671
12.8	0.145944	-2.028	0.162
12.9	0.144135	-2.042	0.03359
13.0	0.142655	-2.054	-0.07149
13.1	0.141011	-2.066	-0.1882
13.2	0.139695	-2.077	-0.2817
13.3	0.13805	-2.09	-0.3984
13.4	0.135912	-2.108	-0.5502
13.5	0.134926	-2.116	-0.6203
13.6	0.133939	-2.124	-0.6903
13.7	0.132459	-2.136	-0.7954
13.8	0.131143	-2.148	-0.8888
13.9	0.129663	-2.16	-0.9939
14.0	0.128512	-2.17	-1.076
14.1	0.127032	-2.183	-1.181
14.2	0.125716	-2.195	-1.274
14.3	0.124729	-2.204	-1.344
14.4	0.123413	-2.216	-1.438
14.5	0.122098	-2.228	-1.531
14.6	0.120947	-2.239	-1.613
14.7	0.119631	-2.251	-1.706
14.8	0.118644	-2.261	-1.776
14.9	0.117493	-2.272	-1.858
15.0	0.116177	-2.285	-1.951
15.1	0.115355	-2.293	-2.01
15.2	0.114368	-2.303	-2.08
15.3	0.113217	-2.314	-2.162
15.4	0.112395	-2.323	-2.22
15.5	0.111243	-2.334	-2.302
15.6	0.110257	-2.345	-2.372
15.7	0.109434	-2.353	-2.43
15.8	0.108448	-2.364	-2.5
15.9	0.107625	-2.372	-2.559
16.0	0.106803	-2.381	-2.617
16.1	0.105816	-2.392	-2.687
16.2	0.104994	-2.401	-2.745
16.3	0.104007	-2.412	-2.816
16.4	0.103021	-2.423	-2.886
16.5	0.102034	-2.434	-2.956
16.6	0.101211	-2.444	-3.014
16.7	0.100389	-2.453	-3.072
16.8	0.0998958	-2.459	-3.107
16.9	0.098909	-2.471	-3.177
17.0	0.0982512	-2.478	-3.224
17.1	0.0972645	-2.49	-3.294
17.2	0.0967711	-2.496	-3.329
17.3	0.0961132	-2.504	-3.376
17.4	0.0952909	-2.514	-3.434
17.5	0.0947976	-2.52	-3.469
17.6	0.0938108	-2.533	-3.539
17.7	0.0929885	-2.543	-3.598
17.8	0.0923307	-2.552	-3.645
17.9	0.0916728	-2.56	-3.691
18.0	0.0913439	-2.564	-3.715
18.1	0.0903572	-2.577	-3.785
18.2	0.0898638	-2.584	-3.82
18.3	0.089206	-2.593	-3.866
18.4	0.0887126	-2.599	-3.901
18.5	0.0878903	-2.61	-3.96
18.6	0.0872325	-2.619	-4.006
18.7	0.0867391	-2.626	-4.042
18.8	0.0860812	-2.635	-4.088
18.9	0.0855879	-2.642	-4.123
19.0	0.08493	-2.651	-4.17
19.1	0.0844367	-2.658	-4.205
19.2	0.0837788	-2.668	-4.252
19.3	0.083121	-2.677	-4.298
19.4	0.0827921	-2.682	-4.322
19.5	0.0822987	-2.689	-4.357
19.6	0.0816409	-2.699	-4.403
19.7	0.0811475	-2.706	-4.439
19.8	0.0801607	-2.721	-4.509
19.9	0.0798318	-2.726	-4.532
20.0	0.0798318	-2.726	-4.532
20.1	0.0793384	-2.734	-4.567
20.2	0.0786806	-2.744	-4.614
20.3	0.0781872	-2.752	-4.649
20.4	0.0776938	-2.76	-4.684
20.5	0.077036	-2.77	-4.73
20.6	0.0767071	-2.775	-4.754
20.7	0.0760492	-2.786	-4.801
20.8	0.0758848	-2.789	-4.812
20.9	0.075227	-2.799	-4.859
21.0	0.074898	-2.805	-4.882
21.1	0.0744047	-2.813	-4.917
21.2	0.0740757	-2.818	-4.941
21.3	0.0734179	-2.83	-4.987
21.4	0.0732534	-2.832	-4.999
21.5	0.0727601	-2.841	-5.034
21.6	0.0722667	-2.849	-5.069
21.7	0.0719378	-2.855	-5.092
21.8	0.0716089	-2.861	-5.116
21.9	0.0712799	-2.866	-5.139
22.0	0.0707866	-2.875	-5.174
22.1	0.0704576	-2.881	-5.198
22.2	0.0701287	-2.887	-5.221
22.3	0.0697998	-2.893	-5.244
22.4	0.069142	-2.905	-5.291
22.5	0.0689775	-2.908	-5.303
22.6	0.0688131	-2.911	-5.314
22.7	0.0681552	-2.923	-5.361
22.8	0.0676618	-2.932	-5.396
22.9	0.0674974	-2.935	-5.408
23.0	0.0673329	-2.938	-5.419
23.1	0.0668395	-2.948	-5.454
23.2	0.0666751	-2.951	-5.466
23.3	0.0660173	-2.963	-5.513
23.4	0.0656883	-2.97	-5.536
23.5	0.0656883	-2.97	-5.536
23.6	0.065195	-2.98	-5.571
23.7	0.064866	-2.986	-5.595
23.8	0.0645371	-2.993	-5.618
23.9	0.0643727	-2.996	-5.63
24.0	0.0638793	-3.006	-5.665
24.1	0.0637148	-3.009	-5.676
24.2	0.0633859	-3.016	-5.7
24.3	0.0633859	-3.016	-5.7
24.4	0.0627281	-3.029	-5.746
24.5	0.0623992	-3.036	-5.77
24.6	0.0620702	-3.043	-5.793
24.7	0.0619058	-3.046	-5.805
24.8	0.0614124	-3.057	-5.84
24.9	0.0612479	-3.06	-5.851
25.0	0.0610835	-3.064	-5.863
25.1	0.0605901	-3.074	-5.898
25.2	0.0602612	-3.082	-5.921
25.3	0.0594389	-3.1	-5.98
25.4	0.0597678	-3.092	-5.956
25.5	0.0594389	-3.1	-5.98
25.6	0.0592744	-3.103	-5.992
25.7	0.0589455	-3.111	-6.015
25.8	0.0586166	-3.118	-6.038
25.9	0.0582877	-3.126	-6.062
26.0	0.0579588	-3.133	-6.085
26.1	0.0577943	-3.137	-6.097
26.2	0.0573009	-3.148	-6.132
26.3	0.0571365	-3.152	-6.143
26.4	0.0566431	-3.164	-6.178
26.5	0.0564786	-3.168	-6.19
26.6	0.0563142	-3.172	-6.202
26.7	0.0559853	-3.179	-6.225
26.8	0.0559853	-3.179	-6.225
26.9	0.0556563	-3.187	-6.248
27.0	0.0554919	-3.191	-6.26
27.1	0.055163	-3.199	-6.283
27.2	0.0546696	-3.212	-6.318
27.3	0.0543407	-3.22	-6.342
27.4	0.0545051	-3.216	-6.33
27.5	0.0540117	-3.228	-6.365
27.6	0.0536828	-3.236	-6.389
27.7	0.0535184	-3.241	-6.4
27.8	0.053025	-3.253	-6.435
27.9	0.053025	-3.253	-6.435
28.0	0.0528605	-3.258	-6.447
28.1	0.0526961	-3.262	-6.459
28.2	0.0523672	-3.27	-6.482
28.3	0.0522027	-3.275	-6.494
28.4	0.0518738	-3.283	-6.517
28.5	0.0517093	-3.288	-6.529
28.6	0.0515449	-3.292	-6.54
28.7	0.0512159	-3.301	-6.564
28.8	0.0510515	-3.306	-6.575
28.9	0.050887	-3.31	-6.587
29.0	0.0507226	-3.315	-6.599
29.1	0.0505581	-3.319	-6.61
29.2	0.0503937	-3.324	-6.622
29.3	0.0502292	-3.328	-6.634
29.4	0.0502292	-3.328	-6.634
29.5	0.0497358	-3.342	-6.669
29.6	0.0497358	-3.342	-6.669
29.7	0.0495714	-3.347	-6.68
29.8	0.0494069	-3.352	-6.692
29.9	0.0492424	-3.356	-6.704
30.0	0.049078	-3.361	-6.715
30.1	0.0487491	-3.371	-6.739
30.2	0.0487491	-3.371	-6.739
30.3	0.0485846	-3.375	-6.75
30.4	0.0484201	-3.38	-6.762
30.5	0.0480912	-3.39	-6.786
30.6	0.0480912	-3.39	-6.786
30.7	0.0479268	-3.395	-6.797
30.8	0.0479268	-3.395	-6.797
30.9	0.0477623	-3.4	-6.809
31.0	0.0474334	-3.41	-6.832
31.1	0.0475978	-3.405	-6.821
31.2	0.0474334	-3.41	-6.832
31.3	0.0472689	-3.415	-6.844
31.4	0.04694	-3.425	-6.867
31.5	0.04694	-3.425	-6.867
31.6	0.0467756	-3.43	-6.879
31.7	0.0467756	-3.43	-6.879
31.8	0.0466111	-3.435	-6.891
31.9	0.0462822	-3.445	-6.914
32.0	0.0462822	-3.445	-6.914
32.1	0.0462822	-3.445	-6.914
32.2	0.0457888	-3.461	-6.949
32.3	0.045131	-3.482	-6.996
32.4	0.0457888	-3.461	-6.949
32.5	0.0457888	-3.461	-6.949
32.6	0.045131	-3.482	-6.996
32.7	0.0452954	-3.476	-6.984
32.8	0.045131	-3.482	-6.996
32.9	0.045131	-3.482	-6.996
33.0	0.044802	-3.492	-7.019
33.1	0.0446376	-3.498	-7.031
33.2	0.0446376	-3.498	-7.031
33.3	0.0444731	-3.503	-7.042
33.4	0.0443087	-3.509	-7.054
33.5	0.0441442	-3.514	-7.066
33.6	0.0441442	-3.514	-7.066
33.7	0.0439798	-3.52	-7.077
33.8	0.0438153	-3.525	-7.089
33.9	0.0438153	-3.525	-7.089
34.0	0.0436508	-3.531	-7.101
34.1	0.0434864	-3.537	-7.112
34.2	0.0431575	-3.548	-7.136
34.3	0.0433219	-3.542	-7.124
34.4	0.0433219	-3.542	-7.124
34.5	0.0428285	-3.56	-7.159
34.6	0.0428285	-3.56	-7.159
34.7	0.0426641	-3.565	-7.171
34.8	0.0426641	-3.565	-7.171
34.9	0.0424996	-3.571	-7.183
35.0	0.0423352	-3.577	-7.194
35.1	0.0421707	-3.583	-7.206
35.2	0.0418418	-3.595	-7.229
35.3	0.0420062	-3.589	-7.218
35.4	0.0416773	-3.601	-7.241
35.5	0.0420062	-3.589	-7.218
35.6	0.0413484	-3.613	-7.264
35.7	0.041184	-3.619	-7.276
35.8	0.041184	-3.619	-7.276
35.9	0.0410195	-3.625	-7.288
36.0	0.041184	-3.619	-7.276
36.1	0.040855	-3.631	-7.299
36.2	0.0406906	-3.638	-7.311
36.3	0.0405261	-3.644	-7.323
36.4	0.0405261	-3.644	-7.323
36.5	0.0403617	-3.65	-7.334
36.6	0.0401972	-3.657	-7.346
36.7	0.0400327	-3.663	-7.358
36.8	0.0400327	-3.663	-7.358
36.9	0.0398683	-3.669	-7.369
37.0	0.0397038	-3.676	-7.381
37.1	0.0392104	-3.696	-7.416
37.2	0.039046	-3.702	-7.428
37.3	0.039046	-3.702	-7.428
37.4	0.0388815	-3.709	-7.439
37.5	0.0385526	-3.722	-7.463
37.6	0.0387171	-3.716	-7.451
37.7	0.0383881	-3.729	-7.474
37.8	0.0382237	-3.736	-7.486
37.9	0.0380592	-3.743	-7.498
38.0	0.0378948	-3.75	-7.509
38.1	0.0378948	-3.75	-7.509
38.2	0.0375659	-3.764	-7.533
38.3	0.0377303	-3.757	-7.521
38.4	0.0375659	-3.764	-7.533
38.5	0.0374014	-3.771	-7.545
38.6	0.0370725	-3.786	-7.568
38.7	0.036908	-3.793	-7.58
38.8	0.0365791	-3.808	-7.603
38.9	0.036908	-3.793	-7.58
39.0	0.0367436	-3.8	-7.591
39.1	0.0364146	-3.815	-7.615
39.2	0.0362502	-3.822	-7.626
39.3	0.0362502	-3.822	-7.626
39.4	0.0362502	-3.822	-7.626
39.5	0.0359213	-3.838	-7.65
39.6	0.0360857	-3.83	-7.638
39.7	0.0357568	-3.845	-7.661
39.8	0.0357568	-3.845	-7.661
39.9	0.0354279	-3.861	-7.685
40.0	0.0354279	-3.861	-7.685
40.1	0.0354279	-3.861	-7.685
40.2	0.0352634	-3.869	-7.696
40.3	0.035099	-3.877	-7.708
40.4	0.0352634	-3.869	-7.696
40.5	0.0349345	-3.885	-7.72
40.6	0.0347701	-3.893	-7.731
40.7	0.0347701	-3.893	-7.731
40.8	0.0347701	-3.893	-7.731
40.9	0.0346056	-3.901	-7.743
41.0	0.0344411	-3.909	-7.755
41.1	0.0347701	-3.893	-7.731
41.2	0.0342767	-3.917	-7.766
41.3	0.0342767	-3.917	-7.766
41.4	0.0341122	-3.925	-7.778
41.5	0.0341122	-3.925	-7.778
41.6	0.0339478	-3.934	-7.79
41.7	0.0339478	-3.934	-7.79
41.8	0.0337833	-3.942	-7.801
41.9	0.0336188	-3.951	-7.813
42.0	0.0336188	-3.951	-7.813
42.1	0.0336188	-3.951	-7.813
42.2	0.0334544	-3.959	-7.825
42.3	0.0334544	-3.959	-7.825
42.4	0.0332899	-3.968	-7.836
42.5	0.0331255	-3.977	-7.848
42.6	0.0332899	-3.968	-7.836
42.7	0.0336188	-3.951	-7.813
42.8	0.032961	-3.985	-7.86
42.9	0.0326321	-4.003	-7.883
43.0	0.0327965	-3.994	-7.871
43.1	0.0326321	-4.003	-7.883
43.2	0.0324676	-4.012	-7.895
43.3	0.0327965	-3.994	-7.871
43.4	0.0326321	-4.003	-7.883
43.5	0.0323032	-4.021	-7.906
43.6	0.0324676	-4.012	-7.895
43.7	0.0321387	-4.031	-7.918
43.8	0.0323032	-4.021	-7.906
43.9	0.0321387	-4.031	-7.918
44.0	0.0321387	-4.031	-7.918
44.1	0.0321387	-4.031	-7.918
44.2	0.0318098	-4.049	-7.942
44.3	0.0318098	-4.049	-7.942
44.4	0.0316453	-4.059	-7.953
44.5	0.0318098	-4.049	-7.942
44.6	0.0314809	-4.068	-7.965
44.7	0.0316453	-4.059	-7.953
44.8	0.0316453	-4.059	-7.953
44.9	0.0314809	-4.068	-7.965
45.0	0.0313164	-4.078	-7.977
45.1	0.0314809	-4.068	-7.965
45.2	0.0313164	-4.078	-7.977
45.3	0.031152	-4.088	-7.988
45.4	0.031152	-4.088	-7.988
45.5	0.031152	-4.088	-7.988
45.6	0.030823	-4.108	-8.012
45.7	0.030823	-4.108	-8.012
45.8	0.0309875	-4.098	-8
45.9	0.0306586	-4.118	-8.023
46.0	0.0296718	-4.18	-8.093
46.1	0.0304941	-4.128	-8.035
46.2	0.0306586	-4.118	-8.023
46.3	0.0306586	-4.118	-8.023
46.4	0.0304941	-4.128	-8.035
46.5	0.0304941	-4.128	-8.035
46.6	0.0303297	-4.138	-8.047
46.7	0.0301652	-4.148	-8.058
46.8	0.0301652	-4.148	-8.058
46.9	0.0300007	-4.159	-8.07
47.0	0.0300007	-4.159	-8.07
47.1	0.0300007	-4.159	-8.07
47.2	0.0300007	-4.159	-8.07
47.3	0.0298363	-4.17	-8.082
47.4	0.0300007	-4.159	-8.07
47.5	0.0298363	-4.17	-8.082
47.6	0.0298363	-4.17	-8.082
47.7	0.0295074	-4.191	-8.105
47.8	0.0296718	-4.18	-8.093
47.9	0.0295074	-4.191	-8.105
48.0	0.0295074	-4.191	-8.105
48.1	0.0295074	-4.191	-8.105
48.2	0.0295074	-4.191	-8.105
48.3	0.0295074	-4.191	-8.105
48.4	0.0296718	-4.18	-8.093
48.5	0.0291784	-4.213	-8.128
48.6	0.0295074	-4.191	-8.105
48.7	0.0291784	-4.213	-8.128
48.8	0.0291784	-4.213	-8.128
48.9	0.029014	-4.224	-8.14
49.0	0.0291784	-4.213	-8.128
49.1	0.0291784	-4.213	-8.128
49.2	0.029014	-4.224	-8.14
49.3	0.0288495	-4.236	-8.152
49.4	0.029014	-4.224	-8.14
49.5	0.0288495	-4.236	-8.152
49.6	0.0286851	-4.247	-8.163
49.7	0.0288495	-4.236	-8.152
49.8	0.0285206	-4.258	-8.175
49.9	0.0285206	-4.258	-8.175
50.0	0.0288495	-4.236	-8.152
50.1	0.0285206	-4.258	-8.175
50.2	0.0281917	-4.282	-8.198
50.3	0.0281917	-4.282	-8.198
50.4	0.0280272	-4.294	-8.21
50.5	0.0281917	-4.282	-8.198
50.6	0.0278628	-4.306	-8.222
50.7	0.0276983	-4.318	-8.233
50.8	0.0276983	-4.318	-8.233
50.9	0.0278628	-4.306	-8.222
51.0	0.0275339	-4.331	-8.245
51.1	0.0278628	-4.306	-8.222
51.2	0.0275339	-4.331	-8.245
51.3	0.0275339	-4.331	-8.245
51.4	0.0275339	-4.331	-8.245
51.5	0.0275339	-4.331	-8.245
51.6	0.0272049	-4.356	-8.268
51.7	0.0273694	-4.343	-8.257
51.8	0.0272049	-4.356	-8.268
51.9	0.0270405	-4.369	-8.28
52.0	0.0272049	-4.356	-8.268
52.1	0.026876	-4.382	-8.292
52.2	0.0270405	-4.369	-8.28
52.3	0.026876	-4.382	-8.292
52.4	0.0267116	-4.395	-8.303
52.5	0.026876	-4.382	-8.292
52.6	0.0267116	-4.395	-8.303
52.7	0.0265471	-4.409	-8.315
52.8	0.0265471	-4.409	-8.315
52.9	0.0265471	-4.409	-8.315
53.0	0.0265471	-4.409	-8.315
53.1	0.0265471	-4.409	-8.315
53.2	0.0263826	-4.422	-8.327
53.3	0.0262182	-4.436	-8.339
53.4	0.0263826	-4.422	-8.327
53.5	0.0255604	-4.493	-8.385
53.6	0.0257248	-4.479	-8.374
53.7	0.0260537	-4.45	-8.35
53.8	0.0258893	-4.464	-8.362
53.9	0.0262182	-4.436	-8.339
54.0	0.0262182	-4.436	-8.339
54.1	0.0257248	-4.479	-8.374
54.2	0.0258893	-4.464	-8.362
54.3	0.0258893	-4.464	-8.362
54.4	0.0258893	-4.464	-8.362
54.5	0.0257248	-4.479	-8.374
54.6	0.0255604	-4.493	-8.385
54.7	0.0253959	-4.508	-8.397
54.8	0.0255604	-4.493	-8.385
54.9	0.0253959	-4.508	-8.397
55.0	0.0255604	-4.493	-8.385
55.1	0.0253959	-4.508	-8.397
55.2	0.025067	-4.538	-8.42
55.3	0.0253959	-4.508	-8.397
55.4	0.025067	-4.538	-8.42
55.5	0.0253959	-4.508	-8.397
55.6	0.025067	-4.538	-8.42
55.7	0.0252314	-4.523	-8.409
55.8	0.0252314	-4.523	-8.409
55.9	0.0253959	-4.508	-8.397
56.0	0.025067	-4.538	-8.42
56.1	0.0252314	-4.523	-8.409
56.2	0.025067	-4.538	-8.42
56.3	0.0249025	-4.554	-8.432
56.4	0.0249025	-4.554	-8.432
56.5	0.0249025	-4.554	-8.432
56.6	0.0249025	-4.554	-8.432
56.7	0.0247381	-4.57	-8.444
56.8	0.0245736	-4.586	-8.455
56.9	0.0245736	-4.586	-8.455
57.0	0.0247381	-4.57	-8.444
57.1	0.0245736	-4.586	-8.455
57.2	0.0247381	-4.57	-8.444
57.3	0.0245736	-4.586	-8.455
57.4	0.0245736	-4.586	-8.455
57.5	0.025067	-4.538	-8.42
57.6	0.0240802	-4.635	-8.49
57.7	0.0242447	-4.618	-8.479
57.8	0.0242447	-4.618	-8.479
57.9	0.0244091	-4.602	-8.467
58.0	0.0244091	-4.602	-8.467
58.1	0.0242447	-4.618	-8.479
58.2	0.0242447	-4.618	-8.479
58.3	0.0242447	-4.618	-8.479
58.4	0.0242447	-4.618	-8.479
58.5	0.0240802	-4.635	-8.49
58.6	0.0239158	-4.652	-8.502
58.7	0.0240802	-4.635	-8.49
58.8	0.0239158	-4.652	-8.502
58.9	0.0240802	-4.635	-8.49
59.0	0.0240802	-4.635	-8.49
59.1	0.0239158	-4.652	-8.502
59.2	0.0240802	-4.635	-8.49
59.3	0.0239158	-4.652	-8.502
59.4	0.0239158	-4.652	-8.502
59.5	0.0237513	-4.67	-8.514
59.6	0.0237513	-4.67	-8.514
59.7	0.0239158	-4.652	-8.502
59.8	0.0237513	-4.67	-8.514
59.9	0.0237513	-4.67	-8.514
60.0	0.0239158	-4.652	-8.502
60.1	0.0237513	-4.67	-8.514
60.2	0.0235868	-4.687	-8.525
60.3	0.0239158	-4.652	-8.502
60.4	0.0237513	-4.67	-8.514
60.5	0.0237513	-4.67	-8.514
60.6	0.0235868	-4.687	-8.525
60.7	0.0235868	-4.687	-8.525
60.8	0.0235868	-4.687	-8.525
60.9	0.0237513	-4.67	-8.514
61.0	0.0235868	-4.687	-8.525
61.1	0.0232579	-4.724	-8.549
61.2	0.0230935	-4.743	-8.56
61.3	0.0237513	-4.67	-8.514
61.4	0.0234224	-4.705	-8.537
61.5	0.0234224	-4.705	-8.537
61.6	0.0232579	-4.724	-8.549
61.7	0.0232579	-4.724	-8.549
61.8	0.0234224	-4.705	-8.537
61.9	0.0232579	-4.724	-8.549
62.0	0.0234224	-4.705	-8.537
62.1	0.0232579	-4.724	-8.549
62.2	0.0232579	-4.724	-8.549
62.3	0.0232579	-4.724	-8.549
62.4	0.0232579	-4.724	-8.549
62.5	0.0230935	-4.743	-8.56
62.6	0.0230935	-4.743	-8.56
62.7	0.0230935	-4.743	-8.56
62.8	0.0232579	-4.724	-8.549
62.9	0.0230935	-4.743	-8.56
63.0	0.022929	-4.762	-8.572
63.1	0.0230935	-4.743	-8.56
63.2	0.022929	-4.762	-8.572
63.3	0.0230935	-4.743	-8.56
63.4	0.022929	-4.762	-8.572
63.5	0.0227645	-4.781	-8.584
63.6	0.0230935	-4.743	-8.56
63.7	0.022929	-4.762	-8.572
63.8	0.0227645	-4.781	-8.584
63.9	0.022929	-4.762	-8.572
64.0	0.022929	-4.762	-8.572
64.1	0.0227645	-4.781	-8.584
64.2	0.0227645	-4.781	-8.584
64.3	0.0227645	-4.781	-8.584
64.4	0.0227645	-4.781	-8.584
64.5	0.0227645	-4.781	-8.584
64.6	0.0227645	-4.781	-8.584
64.7	0.0226001	-4.801	-8.595
64.8	0.0226001	-4.801	-8.595
64.9	0.0227645	-4.781	-8.584
65.0	0.0226001	-4.801	-8.595
65.1	0.0224356	-4.821	-8.607
65.2	0.0224356	-4.821	-8.607
65.3	0.0224356	-4.821	-8.607
65.4	0.0224356	-4.821	-8.607
65.5	0.0224356	-4.821	-8.607
65.6	0.0224356	-4.821	-8.607
65.7	0.0222712	-4.842	-8.619
65.8	0.0222712	-4.842	-8.619
65.9	0.0222712	-4.842	-8.619
66.0	0.0224356	-4.821	-8.607
66.1	0.022929	-4.762	-8.572
66.2	0.0224356	-4.821	-8.607
66.3	0.0219423	-4.884	-8.642
66.4	0.0219423	-4.884	-8.642
66.5	0.0221067	-4.863	-8.63
66.6	0.0222712	-4.842	-8.619
66.7	0.0221067	-4.863	-8.63
66.8	0.0221067	-4.863	-8.63
66.9	0.0221067	-4.863	-8.63
67.0	0.0221067	-4.863	-8.63
67.1	0.0221067	-4.863	-8.63
67.2	0.0221067	-4.863	-8.63
67.3	0.0222712	-4.842	-8.619
67.4	0.0219423	-4.884	-8.642
67.5	0.0219423	-4.884	-8.642
67.6	0.0221067	-4.863	-8.63
67.7	0.0217778	-4.906	-8.654
67.8	0.0217778	-4.906	-8.654
67.9	0.0221067	-4.863	-8.63
68.0	0.0219423	-4.884	-8.642
68.1	0.0219423	-4.884	-8.642
68.2	0.0219423	-4.884	-8.642
68.3	0.0219423	-4.884	-8.642
68.4	0.0219423	-4.884	-8.642
68.5	0.0221067	-4.863	-8.63
68.6	0.0217778	-4.906	-8.654
68.7	0.0219423	-4.884	-8.642
68.8	0.0217778	-4.906	-8.654
68.9	0.0217778	-4.906	-8.654
69.0	0.0217778	-4.906	-8.654
69.1	0.0219423	-4.884	-8.642
69.2	0.0217778	-4.906	-8.654
69.3	0.0217778	-4.906	-8.654
69.4	0.0216133	-4.929	-8.665
69.5	0.0216133	-4.929	-8.665
69.6	0.0217778	-4.906	-8.654
69.7	0.0216133	-4.929	-8.665
69.8	0.0216133	-4.929	-8.665
69.9	0.0217778	-4.906	-8.654
70.0	0.020791	-5.049	-8.724
70.1	0.0216133	-4.929	-8.665
70.2	0.0216133	-4.929	-8.665
70.3	0.0214489	-4.952	-8.677
70.4	0.0216133	-4.929	-8.665
70.5	0.0216133	-4.929	-8.665
70.6	0.0214489	-4.952	-8.677
70.7	0.0212844	-4.975	-8.689
70.8	0.0216133	-4.929	-8.665
70.9	0.0216133	-4.929	-8.665
71.0	0.0214489	-4.952	-8.677
71.1	0.0214489	-4.952	-8.677
71.2	0.0212844	-4.975	-8.689
71.3	0.0214489	-4.952	-8.677
71.4	0.0214489	-4.952	-8.677
71.5	0.0214489	-4.952	-8.677
71.6	0.0214489	-4.952	-8.677
71.7	0.0212844	-4.975	-8.689
71.8	0.0212844	-4.975	-8.689
71.9	0.0214489	-4.952	-8.677
72.0	0.02112	-4.999	-8.7
72.1	0.0214489	-4.952	-8.677
72.2	0.02112	-4.999	-8.7
72.3	0.0212844	-4.975	-8.689
72.4	0.0214489	-4.952	-8.677
72.5	0.0212844	-4.975	-8.689
72.6	0.02112	-4.999	-8.7
72.7	0.02112	-4.999	-8.7
72.8	0.02112	-4.999	-8.7
72.9	0.0212844	-4.975	-8.689
73.0	0.0212844	-4.975	-8.689
73.1	0.0212844	-4.975	-8.689
73.2	0.02112	-4.999	-8.7
73.3	0.0209555	-5.024	-8.712
73.4	0.02112	-4.999	-8.7
73.5	0.0209555	-5.024	-8.712
73.6	0.0212844	-4.975	-8.689
73.7	0.0216133	-4.929	-8.665
73.8	0.0212844	-4.975	-8.689
73.9	0.0209555	-5.024	-8.712
74.0	0.02112	-4.999	-8.7
74.1	0.02112	-4.999	-8.7
74.2	0.02112	-4.999	-8.7
74.3	0.02112	-4.999	-8.7
74.4	0.0209555	-5.024	-8.712
74.5	0.02112	-4.999	-8.7
74.6	0.02112	-4.999	-8.7
74.7	0.0209555	-5.024	-8.712
74.8	0.0209555	-5.024	-8.712
74.9	0.0209555	-5.024	-8.712
75.0	0.02112	-4.999	-8.7
75.1	0.0209555	-5.024	-8.712
75.2	0.02112	-4.999	-8.7
75.3	0.0209555	-5.024	-8.712
75.4	0.0209555	-5.024	-8.712
75.5	0.0209555	-5.024	-8.712
75.6	0.0209555	-5.024	-8.712
75.7	0.020791	-5.049	-8.724
75.8	0.0209555	-5.024	-8.712
75.9	0.0209555	-5.024	-8.712
76.0	0.020791	-5.049	-8.724
76.1	0.020791	-5.049	-8.724
76.2	0.020791	-5.049	-8.724
76.3	0.02112	-4.999	-8.7
76.4	0.020791	-5.049	-8.724
76.5	0.020791	-5.049	-8.724
76.6	0.0209555	-5.024	-8.712
76.7	0.020791	-5.049	-8.724
76.8	0.0209555	-5.024	-8.712
76.9	0.0206266	-5.075	-8.736
77.0	0.020791	-5.049	-8.724
77.1	0.020791	-5.049	-8.724
77.2	0.0209555	-5.024	-8.712
77.3	0.0206266	-5.075	-8.736
77.4	0.0206266	-5.075	-8.736
77.5	0.0209555	-5.024	-8.712
77.6	0.020791	-5.049	-8.724
77.7	0.020791	-5.049	-8.724
77.8	0.0206266	-5.075	-8.736
77.9	0.0204621	-5.102	-8.747
78.0	0.0206266	-5.075	-8.736
78.1	0.020791	-5.049	-8.724
78.2	0.0206266	-5.075	-8.736
78.3	0.020791	-5.049	-8.724
78.4	0.0206266	-5.075	-8.736
78.5	0.020791	-5.049	-8.724
78.6	0.0206266	-5.075	-8.736
78.7	0.020791	-5.049	-8.724
78.8	0.020791	-5.049	-8.724
78.9	0.0206266	-5.075	-8.736
79.0	0.0204621	-5.102	-8.747
79.1	0.020791	-5.049	-8.724
79.2	0.0206266	-5.075	-8.736
79.3	0.020791	-5.049	-8.724
79.4	0.0206266	-5.075	-8.736
79.5	0.0204621	-5.102	-8.747
79.6	0.020791	-5.049	-8.724
79.7	0.0206266	-5.075	-8.736
79.8	0.0206266	-5.075	-8.736
79.9	0.0204621	-5.102	-8.747
80.0	0.0204621	-5.102	-8.747
80.1	0.0206266	-5.075	-8.736
80.2	0.020791	-5.049	-8.724
80.3	0.0204621	-5.102	-8.747
80.4	0.020791	-5.049	-8.724
80.5	0.020791	-5.049	-8.724
80.6	0.0206266	-5.075	-8.736
80.7	0.0206266	-5.075	-8.736
80.8	0.0204621	-5.102	-8.747
80.9	0.0202977	-5.129	-8.759
81.0	0.0206266	-5.075	-8.736
81.1	0.0206266	-5.075	-8.736
81.2	0.0204621	-5.102	-8.747
81.3	0.0204621	-5.102	-8.747
81.4	0.0206266	-5.075	-8.736
81.5	0.0206266	-5.075	-8.736
81.6	0.0202977	-5.129	-8.759
81.7	0.0204621	-5.102	-8.747
81.8	0.0206266	-5.075	-8.736
81.9	0.0204621	-5.102	-8.747
82.0	0.0204621	-5.102	-8.747
82.1	0.0204621	-5.102	-8.747
82.2	0.0206266	-5.075	-8.736
82.3	0.0206266	-5.075	-8.736
82.4	0.0204621	-5.102	-8.747
82.5	0.0206266	-5.075	-8.736
82.6	0.0204621	-5.102	-8.747
82.7	0.0204621	-5.102	-8.747
82.8	0.0202977	-5.129	-8.759
82.9	0.0206266	-5.075	-8.736
83.0	0.0204621	-5.102	-8.747
83.1	0.0202977	-5.129	-8.759
83.2	0.0204621	-5.102	-8.747
83.3	0.0202977	-5.129	-8.759
83.4	0.0201332	-5.157	-8.771
83.5	0.0206266	-5.075	-8.736
83.6	0.0202977	-5.129	-8.759
83.7	0.0202977	-5.129	-8.759
83.8	0.0202977	-5.129	-8.759
83.9	0.0202977	-5.129	-8.759
84.0	0.0204621	-5.102	-8.747
84.1	0.0202977	-5.129	-8.759
84.2	0.0202977	-5.129	-8.759
84.3	0.0202977	-5.129	-8.759
84.4	0.0206266	-5.075	-8.736
84.5	0.0212844	-4.975	-8.689
84.6	0.0201332	-5.157	-8.771
84.7	0.0202977	-5.129	-8.759
84.8	0.0199687	-5.186	-8.782
84.9	0.0202977	-5.129	-8.759
85.0	0.0204621	-5.102	-8.747
85.1	0.0202977	-5.129	-8.759
85.2	0.0201332	-5.157	-8.771
85.3	0.0201332	-5.157	-8.771
85.4	0.0201332	-5.157	-8.771
85.5	0.0201332	-5.157	-8.771
85.6	0.0201332	-5.157	-8.771
85.7	0.0201332	-5.157	-8.771
85.8	0.0202977	-5.129	-8.759
85.9	0.0202977	-5.129	-8.759
86.0	0.0202977	-5.129	-8.759
86.1	0.0202977	-5.129	-8.759
86.2	0.0202977	-5.129	-8.759
86.3	0.0201332	-5.157	-8.771
86.4	0.0202977	-5.129	-8.759
86.5	0.0202977	-5.129	-8.759
86.6	0.0198043	-5.216	-8.794
86.7	0.0202977	-5.129	-8.759
86.8	0.0202977	-5.129	-8.759
86.9	0.0201332	-5.157	-8.771
87.0	0.0201332	-5.157	-8.771
87.1	0.0201332	-5.157	-8.771
87.2	0.0199687	-5.186	-8.782
87.3	0.0201332	-5.157	-8.771
87.4	0.0199687	-5.186	-8.782
87.5	0.0199687	-5.186	-8.782
87.6	0.0201332	-5.157	-8.771
87.7	0.0199687	-5.186	-8.782
87.8	0.0199687	-5.186	-8.782
87.9	0.0198043	-5.216	-8.794
88.0	0.0199687	-5.186	-8.782
88.1	0.0201332	-5.157	-8.771
88.2	0.0199687	-5.186	-8.782
88.3	0.0201332	-5.157	-8.771
88.4	0.0202977	-5.129	-8.759
88.5	0.0201332	-5.157	-8.771
88.6	0.0198043	-5.216	-8.794
88.7	0.0198043	-5.216	-8.794
88.8	0.0201332	-5.157	-8.771
88.9	0.0199687	-5.186	-8.782
89.0	0.0201332	-5.157	-8.771
89.1	0.0199687	-5.186	-8.782
89.2	0.0201332	-5.157	-8.771
89.3	0.0198043	-5.216	-8.794
89.4	0.0198043	-5.216	-8.794
89.5	0.0201332	-5.157	-8.771
89.6	0.0198043	-5.216	-8.794
89.7	0.0199687	-5.186	-8.782
89.8	0.0199687	-5.186	-8.782
89.9	0.0196398	-5.247	-8.806
90.0	0.0199687	-5.186	-8.782
90.1	0.0198043	-5.216	-8.794
90.2	0.0196398	-5.247	-8.806
90.3	0.0198043	-5.216	-8.794
90.4	0.0196398	-5.247	-8.806
90.5	0.0199687	-5.186	-8.782
90.6	0.0198043	-5.216	-8.794
90.7	0.0198043	-5.216	-8.794
90.8	0.0194754	-5.279	-8.817
90.9	0.0196398	-5.247	-8.806
91.0	0.0194754	-5.279	-8.817
91.1	0.0196398	-5.247	-8.806
91.2	0.0198043	-5.216	-8.794
91.3	0.0194754	-5.279	-8.817
91.4	0.0194754	-5.279	-8.817
91.5	0.0194754	-5.279	-8.817
91.6	0.0194754	-5.279	-8.817
91.7	0.0194754	-5.279	-8.817
91.8	0.0194754	-5.279	-8.817
91.9	0.0194754	-5.279	-8.817
92.0	0.0194754	-5.279	-8.817
92.1	0.0194754	-5.279	-8.817
92.2	0.0199687	-5.186	-8.782
92.3	0.018982	-5.381	-8.852
92.4	0.0194754	-5.279	-8.817
92.5	0.0196398	-5.247	-8.806
92.6	0.0193109	-5.312	-8.829
92.7	0.0193109	-5.312	-8.829
92.8	0.0194754	-5.279	-8.817
92.9	0.0193109	-5.312	-8.829
93.0	0.0193109	-5.312	-8.829
93.1	0.0191465	-5.346	-8.841
93.2	0.0193109	-5.312	-8.829
93.3	0.0193109	-5.312	-8.829
93.4	0.018982	-5.381	-8.852
93.5	0.018982	-5.381	-8.852
93.6	0.018982	-5.381	-8.852
93.7	0.0191465	-5.346	-8.841
93.8	0.0191465	-5.346	-8.841
93.9	0.018982	-5.381	-8.852
94.0	0.018982	-5.381	-8.852
94.1	0.0191465	-5.346	-8.841
94.2	0.0191465	-5.346	-8.841
94.3	0.018982	-5.381	-8.852
94.4	0.0188175	-5.417	-8.864
94.5	0.0188175	-5.417	-8.864
94.6	0.0186531	-5.455	-8.876
94.7	0.0188175	-5.417	-8.864
94.8	0.0188175	-5.417	-8.864
94.9	0.0186531	-5.455	-8.876
95.0	0.0188175	-5.417	-8.864
95.1	0.0186531	-5.455	-8.876
95.2	0.0186531	-5.455	-8.876
95.3	0.0186531	-5.455	-8.876
95.4	0.0186531	-5.455	-8.876
95.5	0.0186531	-5.455	-8.876
95.6	0.0186531	-5.455	-8.876
95.7	0.0186531	-5.455	-8.876
95.8	0.0186531	-5.455	-8.876
95.9	0.0183242	-5.535	-8.899
96.0	0.0186531	-5.455	-8.876
96.1	0.0186531	-5.455	-8.876
96.2	0.0184886	-5.494	-8.887
96.3	0.0183242	-5.535	-8.899
96.4	0.0184886	-5.494	-8.887
96.5	0.0183242	-5.535	-8.899
96.6	0.0183242	-5.535	-8.899
96.7	0.0183242	-5.535	-8.899
96.8	0.0183242	-5.535	-8.899
96.9	0.0183242	-5.535	-8.899
97.0	0.0181597	-5.577	-8.911
97.1	0.0179952	-5.622	-8.922
97.2	0.0183242	-5.535	-8.899
97.3	0.0181597	-5.577	-8.911
97.4	0.0181597	-5.577	-8.911
97.5	0.0183242	-5.535	-8.899
97.6	0.0179952	-5.622	-8.922
97.7	0.0179952	-5.622	-8.922
97.8	0.0181597	-5.577	-8.911
97.9	0.0179952	-5.622	-8.922
98.0	0.0179952	-5.622	-8.922
98.1	0.0179952	-5.622	-8.922
98.2	0.0179952	-5.622	-8.922
98.3	0.0179952	-5.622	-8.922
98.4	0.0181597	-5.577	-8.911
98.5	0.0179952	-5.622	-8.922
98.6	0.0181597	-5.577	-8.911
98.7	0.0176663	-5.717	-8.946
98.8	0.0179952	-5.622	-8.922
98.9	0.0178308	-5.668	-8.934
99.0	0.0179952	-5.622	-8.922
99.1	0.0178308	-5.668	-8.934
99.2	0.0178308	-5.668	-8.934
99.3	0.0178308	-5.668	-8.934
99.4	0.0178308	-5.668	-8.934
99.5	0.0176663	-5.717	-8.946
99.6	0.0179952	-5.622	-8.922
99.7	0.0176663	-5.717	-8.946
99.8	0.0178308	-5.668	-8.934
99.9	0.0179952	-5.622	-8.922
100.0	0.0178308	-5.668	-8.934
100.1	0.0178308	-5.668	-8.934
100.2	0.0176663	-5.717	-8.946
100.3	0.0173374	-5.822	-8.969
100.4	0.0178308	-5.668	-8.934
100.5	0.0176663	-5.717	-8.946
100.6	0.0176663	-5.717	-8.946
100.7	0.0175019	-5.768	-8.957
100.8	0.0175019	-5.768	-8.957
100.9	0.0176663	-5.717	-8.946
101.0	0.0175019	-5.768	-8.957
101.1	0.0176663	-5.717	-8.946
101.2	0.0173374	-5.822	-8.969
101.3	0.0173374	-5.822	-8.969
101.4	0.0176663	-5.717	-8.946
101.5	0.0173374	-5.822	-8.969
101.6	0.0175019	-5.768	-8.957
101.7	0.0176663	-5.717	-8.946
101.8	0.0173374	-5.822	-8.969
101.9	0.0173374	-5.822	-8.969
102.0	0.0175019	-5.768	-8.957
102.1	0.0173374	-5.822	-8.969
102.2	0.0173374	-5.822	-8.969
102.3	0.0173374	-5.822	-8.969
102.4	0.0171729	-5.88	-8.981
102.5	0.0173374	-5.822	-8.969
102.6	0.0173374	-5.822	-8.969
102.7	0.0173374	-5.822	-8.969
102.8	0.0173374	-5.822	-8.969
102.9	0.0171729	-5.88	-8.981
103.0	0.0179952	-5.622	-8.922
103.1	0.0170085	-5.94	-8.992
103.2	0.0171729	-5.88	-8.981
103.3	0.0173374	-5.822	-8.969
103.4	0.0175019	-5.768	-8.957
103.5	0.0173374	-5.822	-8.969
103.6	0.0173374	-5.822	-8.969
103.7	0.0175019	-5.768	-8.957
103.8	0.0173374	-5.822	-8.969
103.9	0.0175019	-5.768	-8.957
104.0	0.0175019	-5.768	-8.957
104.1	0.0173374	-5.822	-8.969
104.2	0.0175019	-5.768	-8.957
104.3	0.0175019	-5.768	-8.957
104.4	0.0175019	-5.768	-8.957
104.5	0.0176663	-5.717	-8.946
104.6	0.0175019	-5.768	-8.957
104.7	0.0176663	-5.717	-8.946
104.8	0.0178308	-5.668	-8.934
104.9	0.0176663	-5.717	-8.946
105.0	0.0176663	-5.717	-8.946
105.1	0.0176663	-5.717	-8.946
105.2	0.0175019	-5.768	-8.957
105.3	0.0176663	-5.717	-8.946
105.4	0.0176663	-5.717	-8.946
105.5	0.0176663	-5.717	-8.946
105.6	0.0176663	-5.717	-8.946
105.7	0.0178308	-5.668	-8.934
105.8	0.0178308	-5.668	-8.934
105.9	0.0178308	-5.668	-8.934
106.0	0.0176663	-5.717	-8.946
106.1	0.0179952	-5.622	-8.922
106.2	0.0176663	-5.717	-8.946
106.3	0.0178308	-5.668	-8.934
106.4	0.0179952	-5.622	-8.922
106.5	0.0178308	-5.668	-8.934
106.6	0.0178308	-5.668	-8.934
106.7	0.0178308	-5.668	-8.934
106.8	0.0178308	-5.668	-8.934
106.9	0.0176663	-5.717	-8.946
107.0	0.0178308	-5.668	-8.934
107.1	0.0178308	-5.668	-8.934
107.2	0.0178308	-5.668	-8.934
107.3	0.0179952	-5.622	-8.922
107.4	0.0179952	-5.622	-8.922
107.5	0.0178308	-5.668	-8.934
107.6	0.0176663	-5.717	-8.946
107.7	0.0178308	-5.668	-8.934
107.8	0.0178308	-5.668	-8.934
107.9	0.0178308	-5.668	-8.934
108.0	0.0178308	-5.668	-8.934
108.1	0.0176663	-5.717	-8.946
108.2	0.0178308	-5.668	-8.934
108.3	0.0176663	-5.717	-8.946
108.4	0.0179952	-5.622	-8.922
108.5	0.0176663	-5.717	-8.946
108.6	0.0178308	-5.668	-8.934
108.7	0.0176663	-5.717	-8.946
108.8	0.0178308	-5.668	-8.934
108.9	0.0179952	-5.622	-8.922
109.0	0.0176663	-5.717	-8.946
109.1	0.0176663	-5.717	-8.946
109.2	0.0175019	-5.768	-8.957
109.3	0.0176663	-5.717	-8.946
109.4	0.0179952	-5.622	-8.922
109.5	0.0178308	-5.668	-8.934
109.6	0.0178308	-5.668	-8.934
109.7	0.0176663	-5.717	-8.946
109.8	0.0176663	-5.717	-8.946
109.9	0.0176663	-5.717	-8.946
110.0	0.0176663	-5.717	-8.946
110.1	0.0175019	-5.768	-8.957
110.2	0.0176663	-5.717	-8.946
110.3	0.0176663	-5.717	-8.946
110.4	0.0176663	-5.717	-8.946
110.5	0.0178308	-5.668	-8.934
110.6	0.0176663	-5.717	-8.946
110.7	0.0176663	-5.717	-8.946
110.8	0.0176663	-5.717	-8.946
110.9	0.0176663	-5.717	-8.946
111.0	0.0176663	-5.717	-8.946
111.1	0.0175019	-5.768	-8.957
111.2	0.0176663	-5.717	-8.946
111.3	0.0176663	-5.717	-8.946
111.4	0.0176663	-5.717	-8.946
111.5	0.0176663	-5.717	-8.946
111.6	0.0178308	-5.668	-8.934
111.7	0.0176663	-5.717	-8.946
111.8	0.0175019	-5.768	-8.957
111.9	0.0176663	-5.717	-8.946
112.0	0.0170085	-5.94	-8.992
112.1	0.0178308	-5.668	-8.934
112.2	0.0176663	-5.717	-8.946
112.3	0.0173374	-5.822	-8.969
112.4	0.0176663	-5.717	-8.946
112.5	0.0175019	-5.768	-8.957
112.6	0.0176663	-5.717	-8.946
112.7	0.0175019	-5.768	-8.957
112.8	0.0176663	-5.717	-8.946
112.9	0.0173374	-5.822	-8.969
113.0	0.0173374	-5.822	-8.969
113.1	0.0175019	-5.768	-8.957
113.2	0.0175019	-5.768	-8.957
113.3	0.0175019	-5.768	-8.957
113.4	0.0175019	-5.768	-8.957
113.5	0.0175019	-5.768	-8.957
113.6	0.0175019	-5.768	-8.957
113.7	0.0175019	-5.768	-8.957
113.8	0.0173374	-5.822	-8.969
113.9	0.0175019	-5.768	-8.957
114.0	0.0173374	-5.822	-8.969
114.1	0.0173374	-5.822	-8.969
114.2	0.0175019	-5.768	-8.957
114.3	0.0171729	-5.88	-8.981
114.4	0.0173374	-5.822	-8.969
114.5	0.0173374	-5.822	-8.969
114.6	0.0173374	-5.822	-8.969
114.7	0.0171729	-5.88	-8.981
114.8	0.0171729	-5.88	-8.981
114.9	0.0171729	-5.88	-8.981
115.0	0.0173374	-5.822	-8.969
115.1	0.0173374	-5.822	-8.969
115.2	0.0173374	-5.822	-8.969
115.3	0.0171729	-5.88	-8.981
115.4	0.0170085	-5.94	-8.992
115.5	0.0171729	-5.88	-8.981
115.6	0.0173374	-5.822	-8.969
115.7	0.0171729	-5.88	-8.981
115.8	0.0171729	-5.88	-8.981
115.9	0.0170085	-5.94	-8.992
116.0	0.0170085	-5.94	-8.992
116.1	0.016844	-6.005	-9.004
116.2	0.0171729	-5.88	-8.981
116.3	0.0170085	-5.94	-8.992
116.4	0.0171729	-5.88	-8.981
116.5	0.0171729	-5.88	-8.981
116.6	0.0171729	-5.88	-8.981
116.7	0.0170085	-5.94	-8.992
116.8	0.0171729	-5.88	-8.981
116.9	0.0170085	-5.94	-8.992
117.0	0.016844	-6.005	-9.004
117.1	0.0161862	-6.315	-9.051
117.2	0.0170085	-5.94	-8.992
117.3	0.016844	-6.005	-9.004
117.4	0.016844	-6.005	-9.004
117.5	0.016844	-6.005	-9.004
117.6	0.016844	-6.005	-9.004
117.7	0.016844	-6.005	-9.004
117.8	0.016844	-6.005	-9.004
117.9	0.016844	-6.005	-9.004
118.0	0.016844	-6.005	-9.004
118.1	0.016844	-6.005	-9.004
118.2	0.016844	-6.005	-9.004
118.3	0.0170085	-5.94	-8.992
118.4	0.0166796	-6.074	-9.016
118.5	0.0170085	-5.94	-8.992
118.6	0.016844	-6.005	-9.004
118.7	0.016844	-6.005	-9.004
118.8	0.0166796	-6.074	-9.016
118.9	0.0166796	-6.074	-9.016
119.0	0.016844	-6.005	-9.004
119.1	0.016844	-6.005	-9.004
119.2	0.0170085	-5.94	-8.992
119.3	0.0166796	-6.074	-9.016
119.4	0.0166796	-6.074	-9.016
119.5	0.016844	-6.005	-9.004
119.6	0.016844	-6.005	-9.004
119.7	0.0165151	-6.148	-9.027
119.8	0.016844	-6.005	-9.004
119.9	0.0165151	-6.148	-9.027
120.0	0.0165151	-6.148	-9.027
120.1	0.0166796	-6.074	-9.016
120.2	0.0163506	-6.228	-9.039
120.3	0.0165151	-6.148	-9.027
120.4	0.0166796	-6.074	-9.016
120.5	0.0166796	-6.074	-9.016
120.6	0.0165151	-6.148	-9.027
120.7	0.0165151	-6.148	-9.027
120.8	0.0166796	-6.074	-9.016
120.9	0.0163506	-6.228	-9.039
121.0	0.0165151	-6.148	-9.027
121.1	0.0163506	-6.228	-9.039
121.2	0.0165151	-6.148	-9.027
121.3	0.0163506	-6.228	-9.039
121.4	0.0165151	-6.148	-9.027
121.5	0.0165151	-6.148	-9.027
121.6	0.0163506	-6.228	-9.039
121.7	0.0165151	-6.148	-9.027
121.8	0.0165151	-6.148	-9.027
121.9	0.0163506	-6.228	-9.039
122.0	0.0163506	-6.228	-9.039
122.1	0.0155284	-6.767	-9.097
122.2	0.0165151	-6.148	-9.027
122.3	0.0163506	-6.228	-9.039
122.4	0.0165151	-6.148	-9.027
122.5	0.0161862	-6.315	-9.051
122.6	0.0163506	-6.228	-9.039
122.7	0.0161862	-6.315	-9.051
122.8	0.0163506	-6.228	-9.039
122.9	0.0163506	-6.228	-9.039
123.0	0.0163506	-6.228	-9.039
123.1	0.0161862	-6.315	-9.051
123.2	0.0163506	-6.228	-9.039
123.3	0.0161862	-6.315	-9.051
123.4	0.0163506	-6.228	-9.039
123.5	0.0160217	-6.41	-9.062
123.6	0.0160217	-6.41	-9.062
123.7	0.0165151	-6.148	-9.027
123.8	0.0161862	-6.315	-9.051
123.9	0.0161862	-6.315	-9.051
124.0	0.0160217	-6.41	-9.062
124.1	0.0161862	-6.315	-9.051
124.2	0.0160217	-6.41	-9.062
124.3	0.0161862	-6.315	-9.051
124.4	0.0161862	-6.315	-9.051
124.5	0.0160217	-6.41	-9.062
124.6	0.0161862	-6.315	-9.051
124.7	0.0160217	-6.41	-9.062
124.8	0.0160217	-6.41	-9.062
124.9	0.0160217	-6.41	-9.062
125.0	0.0160217	-6.41	-9.062
125.1	0.0160217	-6.41	-9.062
125.2	0.0163506	-6.228	-9.039
125.3	0.0156928	-6.633	-9.086
125.4	0.0160217	-6.41	-9.062
125.5	0.0160217	-6.41	-9.062
125.6	0.0161862	-6.315	-9.051
125.7	0.0160217	-6.41	-9.062
125.8	0.0158573	-6.516	-9.074
125.9	0.0160217	-6.41	-9.062
126.0	0.0160217	-6.41	-9.062
126.1	0.0161862	-6.315	-9.051
126.2	0.0158573	-6.516	-9.074
126.3	0.0160217	-6.41	-9.062
126.4	0.0160217	-6.41	-9.062
126.5	0.0158573	-6.516	-9.074
126.6	0.0161862	-6.315	-9.051
126.7	0.0161862	-6.315	-9.051
126.8	0.0158573	-6.516	-9.074
126.9	0.0161862	-6.315	-9.051
127.0	0.0160217	-6.41	-9.062
127.1	0.0160217	-6.41	-9.062
127.2	0.0160217	-6.41	-9.062
127.3	0.0161862	-6.315	-9.051
127.4	0.0161862	-6.315	-9.051
127.5	0.0160217	-6.41	-9.062
127.6	0.0160217	-6.41	-9.062
127.7	0.0160217	-6.41	-9.062
127.8	0.0161862	-6.315	-9.051
127.9	0.0160217	-6.41	-9.062
128.0	0.0158573	-6.516	-9.074
128.1	0.0158573	-6.516	-9.074
128.2	0.0160217	-6.41	-9.062
128.3	0.0158573	-6.516	-9.074
128.4	0.0160217	-6.41	-9.062
128.5	0.0158573	-6.516	-9.074
128.6	0.0158573	-6.516	-9.074
128.7	0.0160217	-6.41	-9.062
128.8	0.0160217	-6.41	-9.062
128.9	0.0158573	-6.516	-9.074
129.0	0.0160217	-6.41	-9.062
129.1	0.0153639	-6.921	-9.109
129.2	0.0160217	-6.41	-9.062
129.3	0.0161862	-6.315	-9.051
129.4	0.0160217	-6.41	-9.062
129.5	0.0160217	-6.41	-9.062
129.6	0.0158573	-6.516	-9.074
129.7	0.0158573	-6.516	-9.074
129.8	0.0158573	-6.516	-9.074
129.9	0.0158573	-6.516	-9.074
130.0	0.0156928	-6.633	-9.086
130.1	0.0158573	-6.516	-9.074
130.2	0.0158573	-6.516	-9.074
130.3	0.0158573	-6.516	-9.074
130.4	0.0158573	-6.516	-9.074
130.5	0.0158573	-6.516	-9.074
130.6	0.0158573	-6.516	-9.074
130.7	0.0156928	-6.633	-9.086
130.8	0.0156928	-6.633	-9.086
130.9	0.0158573	-6.516	-9.074
131.0	0.0160217	-6.41	-9.062
131.1	0.0160217	-6.41	-9.062
131.2	0.0158573	-6.516	-9.074
131.3	0.0156928	-6.633	-9.086
131.4	0.0158573	-6.516	-9.074
131.5	0.0158573	-6.516	-9.074
131.6	0.0158573	-6.516	-9.074
131.7	0.0158573	-6.516	-9.074
131.8	0.0158573	-6.516	-9.074
131.9	0.0160217	-6.41	-9.062
132.0	0.0158573	-6.516	-9.074
132.1	0.0156928	-6.633	-9.086
132.2	0.0160217	-6.41	-9.062
132.3	0.0161862	-6.315	-9.051
132.4	0.0158573	-6.516	-9.074
132.5	0.0158573	-6.516	-9.074
132.6	0.0160217	-6.41	-9.062
132.7	0.0158573	-6.516	-9.074
132.8	0.0156928	-6.633	-9.086
132.9	0.0160217	-6.41	-9.062
133.0	0.0158573	-6.516	-9.074
133.1	0.0160217	-6.41	-9.062
133.2	0.0158573	-6.516	-9.074
133.3	0.0158573	-6.516	-9.074
133.4	0.0158573	-6.516	-9.074
133.5	0.0160217	-6.41	-9.062
133.6	0.0161862	-6.315	-9.051
133.7	0.0160217	-6.41	-9.062
133.8	0.0160217	-6.41	-9.062
133.9	0.0160217	-6.41	-9.062
134.0	0.0160217	-6.41	-9.062
134.1	0.0161862	-6.315	-9.051
134.2	0.0161862	-6.315	-9.051
134.3	0.0160217	-6.41	-9.062
134.4	0.0156928	-6.633	-9.086
134.5	0.0160217	-6.41	-9.062
134.6	0.0161862	-6.315	-9.051
134.7	0.0161862	-6.315	-9.051
134.8	0.0160217	-6.41	-9.062
134.9	0.0161862	-6.315	-9.051
135.0	0.0158573	-6.516	-9.074
135.1	0.0161862	-6.315	-9.051
135.2	0.0160217	-6.41	-9.062
135.3	0.0161862	-6.315	-9.051
135.4	0.0160217	-6.41	-9.062
135.5	0.0161862	-6.315	-9.051
135.6	0.0160217	-6.41	-9.062
135.7	0.0158573	-6.516	-9.074
135.8	0.0160217	-6.41	-9.062
135.9	0.0161862	-6.315	-9.051
136.0	0.0158573	-6.516	-9.074
136.1	0.0160217	-6.41	-9.062
136.2	0.0160217	-6.41	-9.062
136.3	0.0161862	-6.315	-9.051
136.4	0.0160217	-6.41	-9.062
136.5	0.0161862	-6.315	-9.051
136.6	0.0160217	-6.41	-9.062
136.7	0.0160217	-6.41	-9.062
136.8	0.0163506	-6.228	-9.039
136.9	0.0158573	-6.516	-9.074
137.0	0.0160217	-6.41	-9.062
137.1	0.0161862	-6.315	-9.051
137.2	0.0160217	-6.41	-9.062
137.3	0.0161862	-6.315	-9.051
137.4	0.0161862	-6.315	-9.051
137.5	0.0161862	-6.315	-9.051
137.6	0.0161862	-6.315	-9.051
137.7	0.0160217	-6.41	-9.062
137.8	0.0161862	-6.315	-9.051
137.9	0.0163506	-6.228	-9.039
138.0	0.0158573	-6.516	-9.074
138.1	0.0161862	-6.315	-9.051
138.2	0.0163506	-6.228	-9.039
138.3	0.0151994	-7.103	-9.121
138.4	0.0158573	-6.516	-9.074
138.5	0.0160217	-6.41	-9.062
138.6	0.0161862	-6.315	-9.051
138.7	0.0161862	-6.315	-9.051
138.8	0.0163506	-6.228	-9.039
138.9	0.0160217	-6.41	-9.062
139.0	0.0160217	-6.41	-9.062
139.1	0.0160217	-6.41	-9.062
139.2	0.0160217	-6.41	-9.062
139.3	0.0161862	-6.315	-9.051
139.4	0.0160217	-6.41	-9.062
139.5	0.0160217	-6.41	-9.062
139.6	0.0161862	-6.315	-9.051
139.7	0.0161862	-6.315	-9.051
139.8	0.0161862	-6.315	-9.051
139.9	0.0160217	-6.41	-9.062
140.0	0.0160217	-6.41	-9.062
140.1	0.0161862	-6.315	-9.051
140.2	0.0161862	-6.315	-9.051
140.3	0.0160217	-6.41	-9.062
140.4	0.0160217	-6.41	-9.062
140.5	0.0161862	-6.315	-9.051
140.6	0.0161862	-6.315	-9.051
140.7	0.0166796	-6.074	-9.016
140.8	0.0160217	-6.41	-9.062
140.9	0.0161862	-6.315	-9.051
141.0	0.0161862	-6.315	-9.051
141.1	0.0161862	-6.315	-9.051
141.2	0.0161862	-6.315	-9.051
141.3	0.0158573	-6.516	-9.074
141.4	0.0158573	-6.516	-9.074
141.5	0.0161862	-6.315	-9.051
141.6	0.0163506	-6.228	-9.039
141.7	0.0160217	-6.41	-9.062
141.8	0.0163506	-6.228	-9.039
141.9	0.0161862	-6.315	-9.051
142.0	0.0161862	-6.315	-9.051
142.1	0.0160217	-6.41	-9.062
142.2	0.0161862	-6.315	-9.051
142.3	0.0161862	-6.315	-9.051
142.4	0.0161862	-6.315	-9.051
142.5	0.0160217	-6.41	-9.062
142.6	0.0163506	-6.228	-9.039
142.7	0.0161862	-6.315	-9.051
142.8	0.0161862	-6.315	-9.051
142.9	0.0161862	-6.315	-9.051
143.0	0.0161862	-6.315	-9.051
143.1	0.0160217	-6.41	-9.062
143.2	0.0156928	-6.633	-9.086
143.3	0.0163506	-6.228	-9.039
143.4	0.0161862	-6.315	-9.051
143.5	0.0160217	-6.41	-9.062
143.6	0.0160217	-6.41	-9.062
143.7	0.0160217	-6.41	-9.062
143.8	0.0161862	-6.315	-9.051
143.9	0.0161862	-6.315	-9.051
144.0	0.0161862	-6.315	-9.051
144.1	0.0160217	-6.41	-9.062
144.2	0.0161862	-6.315	-9.051
144.3	0.0160217	-6.41	-9.062
144.4	0.0161862	-6.315	-9.051
144.5	0.0160217	-6.41	-9.062
144.6	0.0163506	-6.228	-9.039
144.7	0.0161862	-6.315	-9.051
144.8	0.0160217	-6.41	-9.062
144.9	0.0161862	-6.315	-9.051
145.0	0.0161862	-6.315	-9.051
145.1	0.0161862	-6.315	-9.051
145.2	0.0158573	-6.516	-9.074
145.3	0.0158573	-6.516	-9.074
145.4	0.0158573	-6.516	-9.074
145.5	0.0158573	-6.516	-9.074
145.6	0.0160217	-6.41	-9.062
145.7	0.0160217	-6.41	-9.062
145.8	0.0160217	-6.41	-9.062
145.9	0.0160217	-6.41	-9.062
146.0	0.0158573	-6.516	-9.074
146.1	0.0160217	-6.41	-9.062
146.2	0.0160217	-6.41	-9.062
146.3	0.0158573	-6.516	-9.074
146.4	0.0161862	-6.315	-9.051
146.5	0.0158573	-6.516	-9.074
146.6	0.0155284	-6.767	-9.097
146.7	0.0160217	-6.41	-9.062
146.8	0.0158573	-6.516	-9.074
146.9	0.0158573	-6.516	-9.074
147.0	0.0158573	-6.516	-9.074
147.1	0.0158573	-6.516	-9.074
147.2	0.0158573	-6.516	-9.074
147.3	0.0156928	-6.633	-9.086
147.4	0.0158573	-6.516	-9.074
147.5	0.0160217	-6.41	-9.062
147.6	0.0160217	-6.41	-9.062
147.7	0.0158573	-6.516	-9.074
147.8	0.0158573	-6.516	-9.074
147.9	0.0158573	-6.516	-9.074
148.0	0.0155284	-6.767	-9.097
148.1	0.0156928	-6.633	-9.086
148.2	0.0158573	-6.516	-9.074
148.3	0.0160217	-6.41	-9.062
148.4	0.0156928	-6.633	-9.086
148.5	0.0158573	-6.516	-9.074
148.6	0.0158573	-6.516	-9.074
148.7	0.0156928	-6.633	-9.086
148.8	0.0158573	-6.516	-9.074
148.9	0.0156928	-6.633	-9.086
149.0	0.0158573	-6.516	-9.074
149.1	0.0153639	-6.921	-9.109
149.2	0.0155284	-6.767	-9.097
149.3	0.0158573	-6.516	-9.074
149.4	0.0158573	-6.516	-9.074
149.5	0.0155284	-6.767	-9.097
149.6	0.0156928	-6.633	-9.086
149.7	0.0158573	-6.516	-9.074
149.8	0.0155284	-6.767	-9.097
149.9	0.0156928	-6.633	-9.086
150.0	0.0156928	-6.633	-9.086
150.1	0.0156928	-6.633	-9.086
150.2	0.0158573	-6.516	-9.074
150.3	0.0156928	-6.633	-9.086
150.4	0.0156928	-6.633	-9.086
150.5	0.0155284	-6.767	-9.097
150.6	0.0155284	-6.767	-9.097
150.7	0.0156928	-6.633	-9.086
150.8	0.0155284	-6.767	-9.097
150.9	0.0155284	-6.767	-9.097
151.0	0.0156928	-6.633	-9.086
151.1	0.0153639	-6.921	-9.109
151.2	0.0156928	-6.633	-9.086
151.3	0.0156928	-6.633	-9.086
151.4	0.0156928	-6.633	-9.086
151.5	0.0155284	-6.767	-9.097
151.6	0.0153639	-6.921	-9.109
151.7	0.0156928	-6.633	-9.086
151.8	0.0155284	-6.767	-9.097
151.9	0.0155284	-6.767	-9.097
152.0	0.0156928	-6.633	-9.086
152.1	0.0158573	-6.516	-9.074
152.2	0.0156928	-6.633	-9.086
152.3	0.0155284	-6.767	-9.097
152.4	0.0155284	-6.767	-9.097
152.5	0.0156928	-6.633	-9.086
152.6	0.0155284	-6.767	-9.097
152.7	0.0156928	-6.633	-9.086
152.8	0.0155284	-6.767	-9.097
152.9	0.0163506	-6.228	-9.039
153.0	0.0156928	-6.633	-9.086
153.1	0.0153639	-6.921	-9.109
153.2	0.0151994	-7.103	-9.121
153.3	0.0153639	-6.921	-9.109
153.4	0.0153639	-6.921	-9.109
153.5	0.0156928	-6.633	-9.086
153.6	0.0155284	-6.767	-9.097
153.7	0.0155284	-6.767	-9.097
153.8	0.0155284	-6.767	-9.097
153.9	0.0153639	-6.921	-9.109
154.0	0.0153639	-6.921	-9.109
154.1	0.0158573	-6.516	-9.074
154.2	0.0156928	-6.633	-9.086
154.3	0.0155284	-6.767	-9.097
154.4	0.0153639	-6.921	-9.109
154.5	0.0155284	-6.767	-9.097
154.6	0.0155284	-6.767	-9.097
154.7	0.0156928	-6.633	-9.086
154.8	0.0155284	-6.767	-9.097
154.9	0.0156928	-6.633	-9.086
155.0	0.0156928	-6.633	-9.086
155.1	0.0155284	-6.767	-9.097
155.2	0.0155284	-6.767	-9.097
155.3	0.0153639	-6.921	-9.109
155.4	0.0153639	-6.921	-9.109
155.5	0.0156928	-6.633	-9.086
155.6	0.0153639	-6.921	-9.109
155.7	0.0156928	-6.633	-9.086
155.8	0.0156928	-6.633	-9.086
155.9	0.0153639	-6.921	-9.109
156.0	0.0155284	-6.767	-9.097
156.1	0.0151994	-7.103	-9.121
156.2	0.0155284	-6.767	-9.097
156.3	0.0153639	-6.921	-9.109
156.4	0.0148705	-7.614	-9.144
156.5	0.0155284	-6.767	-9.097
156.6	0.0156928	-6.633	-9.086
156.7	0.0155284	-6.767	-9.097
156.8	0.0153639	-6.921	-9.109
156.9	0.0153639	-6.921	-9.109
157.0	0.0155284	-6.767	-9.097
157.1	0.0156928	-6.633	-9.086
157.2	0.0155284	-6.767	-9.097
157.3	0.0155284	-6.767	-9.097
157.4	0.0155284	-6.767	-9.097
157.5	0.0153639	-6.921	-9.109
157.6	0.0155284	-6.767	-9.097
157.7	0.0155284	-6.767	-9.097
157.8	0.0155284	-6.767	-9.097
157.9	0.0155284	-6.767	-9.097
158.0	0.0155284	-6.767	-9.097
158.1	0.0153639	-6.921	-9.109
158.2	0.0151994	-7.103	-9.121
158.3	0.0155284	-6.767	-9.097
158.4	0.0151994	-7.103	-9.121
158.5	0.0156928	-6.633	-9.086
158.6	0.0153639	-6.921	-9.109
158.7	0.0153639	-6.921	-9.109
158.8	0.0155284	-6.767	-9.097
158.9	0.0153639	-6.921	-9.109
159.0	0.0151994	-7.103	-9.121
159.1	0.0153639	-6.921	-9.109
159.2	0.0155284	-6.767	-9.097
159.3	0.0153639	-6.921	-9.109
159.4	0.0151994	-7.103	-9.121
159.5	0.0151994	-7.103	-9.121
159.6	0.0153639	-6.921	-9.109
159.7	0.0155284	-6.767	-9.097
159.8	0.0153639	-6.921	-9.109
159.9	0.0151994	-7.103	-9.121
160.0	0.0158573	-6.516	-9.074
160.1	0.0155284	-6.767	-9.097
160.2	0.0153639	-6.921	-9.109
160.3	0.0151994	-7.103	-9.121
160.4	0.015035	-7.326	-9.133
160.5	0.0153639	-6.921	-9.109
160.6	0.0153639	-6.921	-9.109
160.7	0.0153639	-6.921	-9.109
160.8	0.0153639	-6.921	-9.109
160.9	0.0153639	-6.921	-9.109
161.0	0.015035	-7.326	-9.133
161.1	0.015035	-7.326	-9.133
161.2	0.0151994	-7.103	-9.121
161.3	0.0153639	-6.921	-9.109
161.4	0.0151994	-7.103	-9.121
161.5	0.0153639	-6.921	-9.109
161.6	0.0151994	-7.103	-9.121
161.7	0.0151994	-7.103	-9.121
161.8	0.0151994	-7.103	-9.121
161.9	0.015035	-7.326	-9.133
162.0	0.0151994	-7.103	-9.121
162.1	0.0151994	-7.103	-9.121
162.2	0.015035	-7.326	-9.133
162.3	0.015035	-7.326	-9.133
162.4	0.015035	-7.326	-9.133
162.5	0.015035	-7.326	-9.133
162.6	0.015035	-7.326	-9.133
162.7	0.0151994	-7.103	-9.121
162.8	0.015035	-7.326	-9.133
162.9	0.0151994	-7.103	-9.121
163.0	0.015035	-7.326	-9.133
163.1	0.015035	-7.326	-9.133
163.2	0.015035	-7.326	-9.133
163.3	0.015035	-7.326	-9.133
163.4	0.0151994	-7.103	-9.121
163.5	0.015035	-7.326	-9.133
163.6	0.015035	-7.326	-9.133
163.7	0.015035	-7.326	-9.133
163.8	0.0148705	-7.614	-9.144
163.9	0.0147061	-8.019	-9.156
164.0	0.0151994	-7.103	-9.121
164.1	0.0140482	-8.02	-9.203
164.2	0.015035	-7.326	-9.133
164.3	0.0151994	-7.103	-9.121
164.4	0.0148705	-7.614	-9.144
164.5	0.0148705	-7.614	-9.144
164.6	0.0148705	-7.614	-9.144
164.7	0.015035	-7.326	-9.133
164.8	0.0153639	-6.921	-9.109
164.9	0.015035	-7.326	-9.133
165.0	0.015035	-7.326	-9.133
165.1	0.015035	-7.326	-9.133
165.2	0.0148705	-7.614	-9.144
165.3	0.015035	-7.326	-9.133
165.4	0.0148705	-7.614	-9.144
165.5	0.0148705	-7.614	-9.144
165.6	0.015035	-7.326	-9.133
165.7	0.015035	-7.326	-9.133
165.8	0.0148705	-7.614	-9.144
165.9	0.0148705	-7.614	-9.144
166.0	0.0148705	-7.614	-9.144
166.1	0.015035	-7.326	-9.133
166.2	0.015035	-7.326	-9.133
166.3	0.0148705	-7.614	-9.144
166.4	0.0147061	-8.019	-9.156
166.5	0.0148705	-7.614	-9.144
166.6	0.015035	-7.326	-9.133
166.7	0.015035	-7.326	-9.133
166.8	0.015035	-7.326	-9.133
166.9	0.0148705	-7.614	-9.144
167.0	0.015035	-7.326	-9.133
167.1	0.015035	-7.326	-9.133
167.2	0.0148705	-7.614	-9.144
167.3	0.0148705	-7.614	-9.144
167.4	0.0148705	-7.614	-9.144
167.5	0.0148705	-7.614	-9.144
167.6	0.0151994	-7.103	-9.121
167.7	0.0147061	-8.019	-9.156
167.8	0.0148705	-7.614	-9.144
167.9	0.0147061	-8.019	-9.156
168.0	0.0148705	-7.614	-9.144
168.1	0.0147061	-8.019	-9.156
168.2	0.015035	-7.326	-9.133
168.3	0.015035	-7.326	-9.133
168.4	0.0148705	-7.614	-9.144
168.5	0.0147061	-8.019	-9.156
168.6	0.015035	-7.326	-9.133
168.7	0.0148705	-7.614	-9.144
168.8	0.015035	-7.326	-9.133
168.9	0.0147061	-8.019	-9.156
169.0	0.0147061	-8.019	-9.156
169.1	0.0148705	-7.614	-9.144
169.2	0.0147061	-8.019	-9.156
169.3	0.0148705	-7.614	-9.144
169.4	0.0148705	-7.614	-9.144
169.5	0.0148705	-7.614	-9.144
169.6	0.0148705	-7.614	-9.144
169.7	0.0147061	-8.019	-9.156
169.8	0.0147061	-8.019	-9.156
169.9	0.0147061	-8.019	-9.156
170.0	0.0147061	-8.019	-9.156
170.1	0.0148705	-7.614	-9.144
170.2	0.0148705	-7.614	-9.144
170.3	0.0147061	-8.019	-9.156
170.4	0.0148705	-7.614	-9.144
170.5	0.0148705	-7.614	-9.144
170.6	0.0148705	-7.614	-9.144
170.7	0.0148705	-7.614	-9.144
170.8	0.0148705	-7.614	-9.144
170.9	0.0138838	-7.615	-9.214
171.0	0.0148705	-7.614	-9.144
171.1	0.0148705	-7.614	-9.144
171.2	0.0147061	-8.019	-9.156
171.3	0.0147061	-8.019	-9.156
171.4	0.0148705	-7.614	-9.144
171.5	0.0147061	-8.019	-9.156
171.6	0.0148705	-7.614	-9.144
171.7	0.015035	-7.326	-9.133
171.8	0.0147061	-8.019	-9.156
171.9	0.0147061	-8.019	-9.156
172.0	0.0147061	-8.019	-9.156
172.1	0.0147061	-8.019	-9.156
172.2	0.0148705	-7.614	-9.144
172.3	0.0145416	-8.712	-9.168
172.4	0.0147061	-8.019	-9.156
172.5	0.015035	-7.326	-9.133
172.6	0.0147061	-8.019	-9.156
172.7	0.0147061	-8.019	-9.156
172.8	0.0147061	-8.019	-9.156
172.9	0.0145416	-8.712	-9.168
173.0	0.0145416	-8.712	-9.168
173.1	0.0147061	-8.019	-9.156
173.2	0.0147061	-8.019	-9.156
173.3	0.0147061	-8.019	-9.156
173.4	0.0145416	-8.712	-9.168
173.5	0.0147061	-8.019	-9.156
173.6	0.0155284	-6.767	-9.097
173.7	0.0147061	-8.019	-9.156
173.8	0.0143771	-16.12	-9.179
173.9	0.0143771	-16.12	-9.179
174.0	0.0147061	-8.019	-9.156
174.1	0.0145416	-8.712	-9.168
174.2	0.0145416	-8.712	-9.168
174.3	0.0145416	-8.712	-9.168
174.4	0.0145416	-8.712	-9.168
174.5	0.0145416	-8.712	-9.168
174.6	0.0145416	-8.712	-9.168
174.7	0.0147061	-8.019	-9.156
174.8	0.0143771	-16.12	-9.179
174.9	0.0147061	-8.019	-9.156
175.0	0.0145416	-8.712	-9.168
175.1	0.0145416	-8.712	-9.168
175.2	0.0145416	-8.712	-9.168
175.3	0.0145416	-8.712	-9.168
175.4	0.0145416	-8.712	-9.168
175.5	0.0145416	-8.712	-9.168
175.6	0.0145416	-8.712	-9.168
175.7	0.0143771	-16.12	-9.179
175.8	0.0147061	-8.019	-9.156
175.9	0.0145416	-8.712	-9.168
176.0	0.0148705	-7.614	-9.144
176.1	0.0147061	-8.019	-9.156
176.2	0.0147061	-8.019	-9.156
176.3	0.0145416	-8.712	-9.168
176.4	0.0135548	-7.104	-9.238
176.5	0.0145416	-8.712	-9.168
176.6	0.0143771	-16.12	-9.179
176.7	0.0143771	-16.12	-9.179
176.8	0.0143771	-16.12	-9.179
